backbone,dataset,method,k,seed,accuracy
resnet50,pets,finetune,5,0,71.24
resnet50,pets,finetune,5,1,72.60
resnet50,pets,finetune,5,2,70.57
resnet50,pets,finetune,10,0,79.43
resnet50,pets,finetune,10,1,76.05
resnet50,pets,finetune,10,2,72.87
resnet50,pets,finetune,25,0,82.88
resnet50,pets,finetune,25,1,80.65
resnet50,pets,finetune,25,2,83.36
resnet50,pets,finetune,all,0,91.20
resnet50,pets,finetune,all,1,90.19
resnet50,pets,finetune,all,2,90.80
dinov2,pets,finetune,5,0,77.54
dinov2,pets,finetune,5,1,84.64
dinov2,pets,finetune,5,2,81.80
dinov2,pets,finetune,10,0,84.10
dinov2,pets,finetune,10,1,85.79
dinov2,pets,finetune,10,2,86.27
dinov2,pets,finetune,25,0,88.97
dinov2,pets,finetune,25,1,88.63
dinov2,pets,finetune,25,2,89.51
dinov2,pets,finetune,all,0,93.50
dinov2,pets,finetune,all,1,94.65
dinov2,pets,finetune,all,2,93.98
