dataset,backbone,method,k_shot,seed,accuracy,f1_macro,num_train_samples,num_test_samples,run_id,k_actual,n_iter,preprocess,knn_k,knn_weights,lp_C,lp_max_iter,eval_time_sec
pets,resnet50,knn,5,0,0.55751015,0.52753441,185,1478,a7e882b8da98c6d5,20,,l2,20,uniform,1.0,1000,0.0468
pets,resnet50,linear_probe,5,0,0.88362652,0.88048705,185,1478,965198e554335042,,7,l2,20,uniform,1.0,1000,0.0868
pets,resnet50,knn,1,0,0.0270636,0.00280436,37,1478,20d7ff42abf582b5,20,,l2,20,uniform,1.0,1000,0.0468
pets,resnet50,linear_probe,1,0,0.70027064,0.67117795,37,1478,1f5037e5d69a8c5e,,4,l2,20,uniform,1.0,1000,0.0607
pets,resnet50,knn,1,1,0.0270636,0.00283006,37,1478,a1b53420312b28a8,20,,l2,20,uniform,1.0,1000,0.0337
pets,resnet50,linear_probe,1,1,0.75710419,0.7409995,37,1478,b4563482c648240a,,4,l2,20,uniform,1.0,1000,0.0512
pets,resnet50,knn,1,2,0.02774019,0.00407239,37,1478,6a69d949bca23966,20,,l2,20,uniform,1.0,1000,0.0313
pets,resnet50,linear_probe,1,2,0.72462788,0.70436759,37,1478,e49e482b248db23f,,4,l2,20,uniform,1.0,1000,0.0513
pets,resnet50,knn,1,3,0.0270636,0.00200386,37,1478,919d39212c4612e9,20,,l2,20,uniform,1.0,1000,0.0309
pets,resnet50,linear_probe,1,3,0.81867388,0.81679626,37,1478,66eed4ed29dcec6a,,4,l2,20,uniform,1.0,1000,0.0503
pets,resnet50,knn,1,4,0.0270636,0.0022108,37,1478,8aa5c4b786a152c8,20,,l2,20,uniform,1.0,1000,0.0319
pets,resnet50,linear_probe,1,4,0.81190798,0.80450842,37,1478,e3a13e4f79f0990d,,4,l2,20,uniform,1.0,1000,0.0658
pets,resnet50,knn,2,0,0.08930988,0.03210184,74,1478,0d6ab04480a1e9c4,20,,l2,20,uniform,1.0,1000,0.0448
pets,resnet50,linear_probe,2,0,0.80243572,0.79730407,74,1478,2ffec6dd963533bd,,4,l2,20,uniform,1.0,1000,0.0906
pets,resnet50,knn,2,1,0.06292287,0.03484747,74,1478,e83ac26d308a3b45,20,,l2,20,uniform,1.0,1000,0.0632
pets,resnet50,linear_probe,2,1,0.84709066,0.84124357,74,1478,6e52c94df2bc4b30,,4,l2,20,uniform,1.0,1000,0.0685
pets,resnet50,knn,2,2,0.08525034,0.0441404,74,1478,c45328d940e77c60,20,,l2,20,uniform,1.0,1000,0.0509
pets,resnet50,linear_probe,2,2,0.78687415,0.77815859,74,1478,59432fef247bed37,,4,l2,20,uniform,1.0,1000,0.1051
pets,resnet50,knn,2,3,0.09810555,0.04397521,74,1478,2127fa5d8c2360eb,20,,l2,20,uniform,1.0,1000,0.0418
pets,resnet50,linear_probe,2,3,0.84979702,0.84372928,74,1478,a53271b98c63794c,,4,l2,20,uniform,1.0,1000,0.0736
pets,resnet50,knn,2,4,0.09133965,0.04466842,74,1478,9ffe616c75ed0954,20,,l2,20,uniform,1.0,1000,0.0571
pets,resnet50,linear_probe,2,4,0.84506089,0.84008717,74,1478,2f06ecd1905f75ba,,4,l2,20,uniform,1.0,1000,0.0769
pets,resnet50,knn,5,1,0.55548038,0.51378407,185,1478,a1614b984b91785a,20,,l2,20,uniform,1.0,1000,0.0624
pets,resnet50,linear_probe,5,1,0.88294993,0.87915466,185,1478,4788f103145622d2,,7,l2,20,uniform,1.0,1000,0.1132
pets,resnet50,knn,5,2,0.54939107,0.51296122,185,1478,a96ab613c0ef28ba,20,,l2,20,uniform,1.0,1000,0.0604
pets,resnet50,linear_probe,5,2,0.87077131,0.86474784,185,1478,0398388c0e8b7069,,7,l2,20,uniform,1.0,1000,0.1352
pets,resnet50,knn,5,3,0.57577808,0.54232027,185,1478,b00a8a55b54755b8,20,,l2,20,uniform,1.0,1000,0.0661
pets,resnet50,linear_probe,5,3,0.87347767,0.86727755,185,1478,ce92c6efcc849618,,7,l2,20,uniform,1.0,1000,0.1135
pets,resnet50,knn,5,4,0.5,0.46961764,185,1478,9057f47e387bcffd,20,,l2,20,uniform,1.0,1000,0.0555
pets,resnet50,linear_probe,5,4,0.87347767,0.86657454,185,1478,8128082500b775de,,7,l2,20,uniform,1.0,1000,0.1012
pets,resnet50,knn,10,0,0.85994587,0.85496648,370,1478,992ec7ccf22ec4d0,20,,l2,20,uniform,1.0,1000,0.0534
pets,resnet50,linear_probe,10,0,0.90663058,0.90504516,370,1478,15413eef273156a5,,11,l2,20,uniform,1.0,1000,0.134
pets,resnet50,knn,10,1,0.864682,0.86331209,370,1478,1a356c0bc691dcbd,20,,l2,20,uniform,1.0,1000,0.0479
pets,resnet50,linear_probe,10,1,0.90324763,0.90183241,370,1478,226d9a91cf999fe2,,11,l2,20,uniform,1.0,1000,0.14
pets,resnet50,knn,10,2,0.83423545,0.8242559,370,1478,4f87f38baa8de0b4,20,,l2,20,uniform,1.0,1000,0.0477
pets,resnet50,linear_probe,10,2,0.88700947,0.88389037,370,1478,0a7a15a8536636b2,,14,l2,20,uniform,1.0,1000,0.2247
pets,resnet50,knn,10,3,0.85656292,0.85085731,370,1478,e0bc9b78266a82ee,20,,l2,20,uniform,1.0,1000,0.0639
pets,resnet50,linear_probe,10,3,0.89309878,0.89044802,370,1478,16091b6cb9d1a8b5,,11,l2,20,uniform,1.0,1000,0.1563
pets,resnet50,knn,10,4,0.85385656,0.8509217,370,1478,5d9ac3d2ea970dc6,20,,l2,20,uniform,1.0,1000,0.065
pets,resnet50,linear_probe,10,4,0.89986468,0.89717423,370,1478,0f5477689ae33173,,11,l2,20,uniform,1.0,1000,0.1403
pets,resnet50,knn,25,0,0.89783491,0.89636753,925,1478,47cff88a5a72f215,20,,l2,20,uniform,1.0,1000,0.0799
pets,resnet50,linear_probe,25,0,0.91813261,0.91741834,925,1478,1b2702f94e0b039a,,14,l2,20,uniform,1.0,1000,0.3027
pets,resnet50,knn,25,1,0.89377537,0.89289144,925,1478,3159f4cc3c146082,20,,l2,20,uniform,1.0,1000,0.0743
pets,resnet50,linear_probe,25,1,0.91339648,0.91249518,925,1478,8af166fb070e7442,,15,l2,20,uniform,1.0,1000,0.4167
pets,resnet50,knn,25,2,0.89377537,0.89249724,925,1478,a7071f420c62f8f7,20,,l2,20,uniform,1.0,1000,0.0952
pets,resnet50,linear_probe,25,2,0.91271989,0.91167216,925,1478,bcdf6b170898dcd5,,14,l2,20,uniform,1.0,1000,0.278
pets,resnet50,knn,25,3,0.89648173,0.89554332,925,1478,99843092dc46c5ff,20,,l2,20,uniform,1.0,1000,0.0805
pets,resnet50,linear_probe,25,3,0.91610284,0.91509299,925,1478,f66b5c1ddb89e4ca,,14,l2,20,uniform,1.0,1000,0.276
pets,resnet50,knn,25,4,0.89918809,0.89730307,925,1478,a976b69acbabf48f,20,,l2,20,uniform,1.0,1000,0.092
pets,resnet50,linear_probe,25,4,0.91271989,0.9112807,925,1478,f702528ff548be9c,,14,l2,20,uniform,1.0,1000,0.2983
pets,resnet50,knn,50,0,0.91677943,0.91633436,1850,1478,beea0ba8a02fee66,20,,l2,20,uniform,1.0,1000,0.157
pets,resnet50,linear_probe,50,0,0.92625169,0.92606313,1850,1478,a2252d148c2c7d42,,21,l2,20,uniform,1.0,1000,0.5634
pets,resnet50,knn,50,1,0.91339648,0.91295799,1850,1478,edc8aa9b569da880,20,,l2,20,uniform,1.0,1000,0.1343
pets,resnet50,linear_probe,50,1,0.92489851,0.92444152,1850,1478,b307e03ce6927808,,20,l2,20,uniform,1.0,1000,0.5274
pets,resnet50,knn,50,2,0.90663058,0.90635855,1850,1478,713c88dcfa4ebc8b,20,,l2,20,uniform,1.0,1000,0.155
pets,resnet50,linear_probe,50,2,0.9188092,0.91825235,1850,1478,c83a847d0867a9b4,,21,l2,20,uniform,1.0,1000,0.5708
pets,resnet50,knn,50,3,0.91069012,0.9100799,1850,1478,16a580c245895bc3,20,,l2,20,uniform,1.0,1000,0.1407
pets,resnet50,linear_probe,50,3,0.9255751,0.92521991,1850,1478,4b500114b3a548e8,,21,l2,20,uniform,1.0,1000,0.6227
pets,resnet50,knn,50,4,0.90324763,0.90207781,1850,1478,4e3bc1fc98a72a52,20,,l2,20,uniform,1.0,1000,0.1524
pets,resnet50,linear_probe,50,4,0.92016238,0.91957951,1850,1478,3fe109ee62425738,,22,l2,20,uniform,1.0,1000,0.5957
pets,resnet50,knn,all,0,0.92422192,0.92393582,5912,1478,8858d85bdca53956,20,,l2,20,uniform,1.0,1000,0.3743
pets,resnet50,linear_probe,all,0,0.93437077,0.93430164,5912,1478,b3b5de27ae010797,,31,l2,20,uniform,1.0,1000,1.808
pets,resnet50,knn,all,1,0.92422192,0.92393582,5912,1478,e35f51b295b257c7,20,,l2,20,uniform,1.0,1000,0.3945
pets,resnet50,linear_probe,all,1,0.93437077,0.93430164,5912,1478,e688f9fedd471a47,,31,l2,20,uniform,1.0,1000,1.6783
pets,resnet50,knn,all,2,0.92422192,0.92393582,5912,1478,c2d20ec2a5a5da31,20,,l2,20,uniform,1.0,1000,0.2869
pets,resnet50,linear_probe,all,2,0.93437077,0.93430164,5912,1478,829cf3eae1efa301,,31,l2,20,uniform,1.0,1000,1.7204
pets,resnet50,knn,all,3,0.92422192,0.92393582,5912,1478,5dd58d26dc0b8d91,20,,l2,20,uniform,1.0,1000,0.2899
pets,resnet50,linear_probe,all,3,0.93437077,0.93430164,5912,1478,eb0c9e74f2769170,,31,l2,20,uniform,1.0,1000,1.6255
pets,resnet50,knn,all,4,0.92422192,0.92393582,5912,1478,26e955d9dc190c90,20,,l2,20,uniform,1.0,1000,0.3216
pets,resnet50,linear_probe,all,4,0.93437077,0.93430164,5912,1478,761165c9146e3850,,31,l2,20,uniform,1.0,1000,1.696
eurosat,resnet50,knn,1,0,0.11740741,0.02101425,10,2700,636adc59790c6a35,10,,l2,20,uniform,1.0,1000,0.074
eurosat,resnet50,linear_probe,1,0,0.6637037,0.63881331,10,2700,a72ad37c3cf0a5dd,,6,l2,20,uniform,1.0,1000,0.0851
eurosat,resnet50,knn,1,1,0.11740741,0.02101425,10,2700,3e7e0fde2aabb6cc,10,,l2,20,uniform,1.0,1000,0.0611
eurosat,resnet50,linear_probe,1,1,0.52851852,0.48024864,10,2700,30f7917f546fc6bc,,6,l2,20,uniform,1.0,1000,0.0734
eurosat,resnet50,knn,1,2,0.11740741,0.02101425,10,2700,45d03504e70ca190,10,,l2,20,uniform,1.0,1000,0.0854
eurosat,resnet50,linear_probe,1,2,0.53555556,0.47188302,10,2700,eca452d95c48a764,,7,l2,20,uniform,1.0,1000,0.0802
eurosat,resnet50,knn,1,3,0.11740741,0.02101425,10,2700,4917bbc06f7dfa71,10,,l2,20,uniform,1.0,1000,0.0646
eurosat,resnet50,linear_probe,1,3,0.59962963,0.55520848,10,2700,a405b3fc84e782ca,,6,l2,20,uniform,1.0,1000,0.0808
eurosat,resnet50,knn,1,4,0.11740741,0.02101425,10,2700,2caf4ff4218469aa,10,,l2,20,uniform,1.0,1000,0.0609
eurosat,resnet50,linear_probe,1,4,0.53518519,0.48302336,10,2700,976d0e788f7cbd50,,6,l2,20,uniform,1.0,1000,0.0723
eurosat,resnet50,knn,2,0,0.11740741,0.02101425,20,2700,bbd0cc15ceab2ecd,20,,l2,20,uniform,1.0,1000,0.0607
eurosat,resnet50,linear_probe,2,0,0.68666667,0.66226059,20,2700,b320c99d0c87a6db,,7,l2,20,uniform,1.0,1000,0.0722
eurosat,resnet50,knn,2,1,0.11740741,0.02101425,20,2700,913139968f7aad74,20,,l2,20,uniform,1.0,1000,0.065
eurosat,resnet50,linear_probe,2,1,0.67333333,0.64509331,20,2700,d1b08bc9771460e5,,7,l2,20,uniform,1.0,1000,0.0772
eurosat,resnet50,knn,2,2,0.11740741,0.02101425,20,2700,eb5a51378f5c30ba,20,,l2,20,uniform,1.0,1000,0.0568
eurosat,resnet50,linear_probe,2,2,0.70444444,0.68003148,20,2700,1630ffa0f9d7cbc6,,7,l2,20,uniform,1.0,1000,0.0687
eurosat,resnet50,knn,2,3,0.11740741,0.02101425,20,2700,100cf253dff9ad2e,20,,l2,20,uniform,1.0,1000,0.0554
eurosat,resnet50,linear_probe,2,3,0.72185185,0.69604556,20,2700,07873db4ef1f00ab,,7,l2,20,uniform,1.0,1000,0.0713
eurosat,resnet50,knn,2,4,0.11740741,0.02101425,20,2700,0f81c2603a5d77ca,20,,l2,20,uniform,1.0,1000,0.0554
eurosat,resnet50,linear_probe,2,4,0.64814815,0.61318149,20,2700,73da1a98014f23c6,,7,l2,20,uniform,1.0,1000,0.0681
eurosat,resnet50,knn,5,0,0.53740741,0.46840092,50,2700,e35cdd34bc6fe8f2,20,,l2,20,uniform,1.0,1000,0.0652
eurosat,resnet50,linear_probe,5,0,0.79814815,0.78078033,50,2700,013ff8e89430442b,,11,l2,20,uniform,1.0,1000,0.0903
eurosat,resnet50,knn,5,1,0.52925926,0.47779738,50,2700,46ec626b970dc2c7,20,,l2,20,uniform,1.0,1000,0.0652
eurosat,resnet50,linear_probe,5,1,0.76,0.74787532,50,2700,fcbd788248b6b9da,,10,l2,20,uniform,1.0,1000,0.0816
eurosat,resnet50,knn,5,2,0.57148148,0.55102041,50,2700,267408c9b56823f9,20,,l2,20,uniform,1.0,1000,0.0694
eurosat,resnet50,linear_probe,5,2,0.79074074,0.77712445,50,2700,b78a87d67f2a2e84,,10,l2,20,uniform,1.0,1000,0.0825
eurosat,resnet50,knn,5,3,0.53259259,0.4681946,50,2700,1a66500901ced03b,20,,l2,20,uniform,1.0,1000,0.0619
eurosat,resnet50,linear_probe,5,3,0.78185185,0.77165227,50,2700,2457d37cd871b80b,,10,l2,20,uniform,1.0,1000,0.0833
eurosat,resnet50,knn,5,4,0.47851852,0.4079335,50,2700,2281a79b83c695bd,20,,l2,20,uniform,1.0,1000,0.0797
eurosat,resnet50,linear_probe,5,4,0.75666667,0.7381154,50,2700,7acdaae9c21363ea,,13,l2,20,uniform,1.0,1000,0.0984
eurosat,resnet50,knn,10,0,0.69333333,0.66086285,100,2700,ffb9a0f9fe5334fe,20,,l2,20,uniform,1.0,1000,0.0675
eurosat,resnet50,linear_probe,10,0,0.81444444,0.8024079,100,2700,493dc191b9586b23,,14,l2,20,uniform,1.0,1000,0.099
eurosat,resnet50,knn,10,1,0.66222222,0.64108454,100,2700,82bc9075fa931797,20,,l2,20,uniform,1.0,1000,0.0818
eurosat,resnet50,linear_probe,10,1,0.80962963,0.79704243,100,2700,2700c24a09273dfd,,14,l2,20,uniform,1.0,1000,0.1049
eurosat,resnet50,knn,10,2,0.70777778,0.6965869,100,2700,3a9c3315366ac741,20,,l2,20,uniform,1.0,1000,0.0687
eurosat,resnet50,linear_probe,10,2,0.82222222,0.8126851,100,2700,560b5a2a57eaa662,,14,l2,20,uniform,1.0,1000,0.1004
eurosat,resnet50,knn,10,3,0.69888889,0.67650762,100,2700,c3f2b6e4653312ed,20,,l2,20,uniform,1.0,1000,0.0689
eurosat,resnet50,linear_probe,10,3,0.81962963,0.80994096,100,2700,13b8c752ce226c9e,,14,l2,20,uniform,1.0,1000,0.1074
eurosat,resnet50,knn,10,4,0.67185185,0.65523877,100,2700,8bcca2195000ecad,20,,l2,20,uniform,1.0,1000,0.0785
eurosat,resnet50,linear_probe,10,4,0.78,0.77099605,100,2700,769e1e99920e13d5,,14,l2,20,uniform,1.0,1000,0.1047
eurosat,resnet50,knn,25,0,0.77444444,0.76090912,250,2700,86bb3ce5a1191bcc,20,,l2,20,uniform,1.0,1000,0.0903
eurosat,resnet50,linear_probe,25,0,0.86777778,0.86183823,250,2700,740a4f5f3af06daa,,18,l2,20,uniform,1.0,1000,0.1307
eurosat,resnet50,knn,25,1,0.78333333,0.77028116,250,2700,117b7597257922ca,20,,l2,20,uniform,1.0,1000,0.0848
eurosat,resnet50,linear_probe,25,1,0.86037037,0.85329947,250,2700,274720d1f27e0ce5,,18,l2,20,uniform,1.0,1000,0.1489
eurosat,resnet50,knn,25,2,0.79518519,0.78427886,250,2700,0bc9d9648d38f739,20,,l2,20,uniform,1.0,1000,0.0811
eurosat,resnet50,linear_probe,25,2,0.85185185,0.84455247,250,2700,29d05d77c8b195af,,18,l2,20,uniform,1.0,1000,0.1356
eurosat,resnet50,knn,25,3,0.78111111,0.77447995,250,2700,8c0c93228b34a63f,20,,l2,20,uniform,1.0,1000,0.0828
eurosat,resnet50,linear_probe,25,3,0.86740741,0.86232325,250,2700,ab3e88b417010f60,,17,l2,20,uniform,1.0,1000,0.1359
eurosat,resnet50,knn,25,4,0.76888889,0.75588828,250,2700,778fc226720d2cfb,20,,l2,20,uniform,1.0,1000,0.0815
eurosat,resnet50,linear_probe,25,4,0.85740741,0.85248615,250,2700,1a10a03976e3837e,,18,l2,20,uniform,1.0,1000,0.132
eurosat,resnet50,knn,50,0,0.81296296,0.79867256,500,2700,6e34180c24a1f572,20,,l2,20,uniform,1.0,1000,0.1005
eurosat,resnet50,linear_probe,50,0,0.88037037,0.87580078,500,2700,28e708fdedde973d,,21,l2,20,uniform,1.0,1000,0.202
eurosat,resnet50,knn,50,1,0.82925926,0.81792625,500,2700,7cb404c185166710,20,,l2,20,uniform,1.0,1000,0.1246
eurosat,resnet50,linear_probe,50,1,0.88037037,0.87620078,500,2700,521cd24bab5f56d8,,21,l2,20,uniform,1.0,1000,0.1784
eurosat,resnet50,knn,50,2,0.81111111,0.79983437,500,2700,1f56c865ea66176b,20,,l2,20,uniform,1.0,1000,0.1102
eurosat,resnet50,linear_probe,50,2,0.87555556,0.87114781,500,2700,c597bdc59134ab30,,25,l2,20,uniform,1.0,1000,0.1942
eurosat,resnet50,knn,50,3,0.82222222,0.81233659,500,2700,bed545d12b17968e,20,,l2,20,uniform,1.0,1000,0.103
eurosat,resnet50,linear_probe,50,3,0.8862963,0.88230986,500,2700,19e1bcdd4b86ebf2,,25,l2,20,uniform,1.0,1000,0.2291
eurosat,resnet50,knn,50,4,0.82851852,0.81812858,500,2700,91671ebfe18faa35,20,,l2,20,uniform,1.0,1000,0.1194
eurosat,resnet50,linear_probe,50,4,0.88703704,0.88322317,500,2700,4b740e8995c73e4c,,26,l2,20,uniform,1.0,1000,0.2203
eurosat,resnet50,knn,all,0,0.92296296,0.91780542,21600,2700,55f5d21562f98582,20,,l2,20,uniform,1.0,1000,1.8188
eurosat,resnet50,linear_probe,all,0,0.95037037,0.94883268,21600,2700,1d87c5175ed6cdb8,,65,l2,20,uniform,1.0,1000,12.6406
eurosat,resnet50,knn,all,1,0.92296296,0.91780542,21600,2700,62f0e33bcaa7a96e,20,,l2,20,uniform,1.0,1000,2.0624
eurosat,resnet50,linear_probe,all,1,0.95037037,0.94883268,21600,2700,f5e3205eb764ff51,,65,l2,20,uniform,1.0,1000,10.1076
eurosat,resnet50,knn,all,2,0.92296296,0.91780542,21600,2700,bfc67f9fbe5074f2,20,,l2,20,uniform,1.0,1000,1.6631
eurosat,resnet50,linear_probe,all,2,0.95037037,0.94883268,21600,2700,6102298fd3762c00,,65,l2,20,uniform,1.0,1000,11.0187
eurosat,resnet50,knn,all,3,0.92296296,0.91780542,21600,2700,fe6296723ce11e15,20,,l2,20,uniform,1.0,1000,1.3917
eurosat,resnet50,linear_probe,all,3,0.95037037,0.94883268,21600,2700,ee8d76ac05ddb02e,,65,l2,20,uniform,1.0,1000,9.872
eurosat,resnet50,knn,all,4,0.92296296,0.91780542,21600,2700,a5f4fc8b0f9d5768,20,,l2,20,uniform,1.0,1000,1.4552
eurosat,resnet50,linear_probe,all,4,0.95037037,0.94883268,21600,2700,66b638d20ec4240c,,65,l2,20,uniform,1.0,1000,9.1808
pets,dinov2_vits14,knn,1,0,0.0270636,0.0023553,37,1478,c063421c1db16602,20,,l2,20,uniform,1.0,1000,0.0096
pets,dinov2_vits14,linear_probe,1,0,0.69079838,0.65595882,37,1478,7909a6764cebe9d2,,4,l2,20,uniform,1.0,1000,0.0137
pets,dinov2_vits14,knn,1,1,0.04194858,0.00536884,37,1478,9619d79b91a77e76,20,,l2,20,uniform,1.0,1000,0.0095
pets,dinov2_vits14,linear_probe,1,1,0.74695535,0.72849938,37,1478,89b6510c42a60360,,4,l2,20,uniform,1.0,1000,0.0124
pets,dinov2_vits14,knn,1,2,0.03247632,0.00425629,37,1478,aca950f260021ca9,20,,l2,20,uniform,1.0,1000,0.0102
pets,dinov2_vits14,linear_probe,1,2,0.67658999,0.65724622,37,1478,70a400a52a13180c,,4,l2,20,uniform,1.0,1000,0.0118
pets,dinov2_vits14,knn,1,3,0.0270636,0.00248239,37,1478,1bb8c2b2d2f86541,20,,l2,20,uniform,1.0,1000,0.0087
pets,dinov2_vits14,linear_probe,1,3,0.76928281,0.76675346,37,1478,8de7f9bf04bad67d,,4,l2,20,uniform,1.0,1000,0.012
pets,dinov2_vits14,knn,1,4,0.03112314,0.00350886,37,1478,9e5485cb20e5f4fe,20,,l2,20,uniform,1.0,1000,0.0086
pets,dinov2_vits14,linear_probe,1,4,0.74695535,0.73285139,37,1478,32eece948570d979,,4,l2,20,uniform,1.0,1000,0.0134
pets,dinov2_vits14,knn,2,0,0.07780785,0.03499852,74,1478,d5e52b6063f8a316,20,,l2,20,uniform,1.0,1000,0.0109
pets,dinov2_vits14,linear_probe,2,0,0.79364005,0.78279115,74,1478,20a6d0a2faba9414,,4,l2,20,uniform,1.0,1000,0.0143
pets,dinov2_vits14,knn,2,1,0.1150203,0.06998925,74,1478,7ae88463d8f81626,20,,l2,20,uniform,1.0,1000,0.012
pets,dinov2_vits14,linear_probe,2,1,0.82273342,0.81414708,74,1478,346836b259bcbf4c,,4,l2,20,uniform,1.0,1000,0.0136
pets,dinov2_vits14,knn,2,2,0.07916103,0.04126792,74,1478,d8f40540e056f1bf,20,,l2,20,uniform,1.0,1000,0.0105
pets,dinov2_vits14,linear_probe,2,2,0.78078484,0.77082997,74,1478,ad5ac82519d2f4ff,,4,l2,20,uniform,1.0,1000,0.0134
pets,dinov2_vits14,knn,2,3,0.10284168,0.05637404,74,1478,41bf4f856ab25cd4,20,,l2,20,uniform,1.0,1000,0.0108
pets,dinov2_vits14,linear_probe,2,3,0.83558863,0.83012336,74,1478,e722d80ac343cb8b,,4,l2,20,uniform,1.0,1000,0.0134
pets,dinov2_vits14,knn,2,4,0.1082544,0.05805544,74,1478,5aae217259387048,20,,l2,20,uniform,1.0,1000,0.0104
pets,dinov2_vits14,linear_probe,2,4,0.8173207,0.80884035,74,1478,90b5f91a0c3c4186,,5,l2,20,uniform,1.0,1000,0.0145
pets,dinov2_vits14,knn,5,0,0.56021651,0.51821953,185,1478,5683329d4c8fb1a3,20,,l2,20,uniform,1.0,1000,0.0166
pets,dinov2_vits14,linear_probe,5,0,0.8782138,0.87533888,185,1478,a3f90f1c9c422ecb,,7,l2,20,uniform,1.0,1000,0.0227
pets,dinov2_vits14,knn,5,1,0.62449256,0.58788764,185,1478,1ccdd24ff45b7e4b,20,,l2,20,uniform,1.0,1000,0.0143
pets,dinov2_vits14,linear_probe,5,1,0.8917456,0.88701576,185,1478,b51f31ade00468bc,,7,l2,20,uniform,1.0,1000,0.0227
pets,dinov2_vits14,knn,5,2,0.55886333,0.51999725,185,1478,fd03229848495636,20,,l2,20,uniform,1.0,1000,0.0153
pets,dinov2_vits14,linear_probe,5,2,0.88159675,0.87992791,185,1478,2ca9fece621f99e0,,7,l2,20,uniform,1.0,1000,0.0219
pets,dinov2_vits14,knn,5,3,0.59810555,0.55957899,185,1478,45f357e4863173eb,20,,l2,20,uniform,1.0,1000,0.0145
pets,dinov2_vits14,linear_probe,5,3,0.89106901,0.88833408,185,1478,a8427be21d424d6b,,7,l2,20,uniform,1.0,1000,0.0213
pets,dinov2_vits14,knn,5,4,0.56495264,0.53248482,185,1478,169f060da7fd3a4a,20,,l2,20,uniform,1.0,1000,0.0157
pets,dinov2_vits14,linear_probe,5,4,0.87077131,0.86533329,185,1478,dc637ef7aa71b531,,7,l2,20,uniform,1.0,1000,0.0274
pets,dinov2_vits14,knn,10,0,0.82543978,0.81345929,370,1478,5fee79f68e58de32,20,,l2,20,uniform,1.0,1000,0.0186
pets,dinov2_vits14,linear_probe,10,0,0.91474966,0.91357584,370,1478,e5c6930f51e28f06,,11,l2,20,uniform,1.0,1000,0.0354
pets,dinov2_vits14,knn,10,1,0.83558863,0.82872447,370,1478,b5181cc791e4d83e,20,,l2,20,uniform,1.0,1000,0.0176
pets,dinov2_vits14,linear_probe,10,1,0.9188092,0.91677816,370,1478,5c5ef2f8f33e50a9,,10,l2,20,uniform,1.0,1000,0.0322
pets,dinov2_vits14,knn,10,2,0.82002706,0.80821241,370,1478,64d6ae9e8015f71e,20,,l2,20,uniform,1.0,1000,0.0174
pets,dinov2_vits14,linear_probe,10,2,0.91271989,0.91090003,370,1478,b3db39d18f4e535c,,10,l2,20,uniform,1.0,1000,0.0328
pets,dinov2_vits14,knn,10,3,0.82543978,0.81957664,370,1478,520cdb12d9bb185a,20,,l2,20,uniform,1.0,1000,0.0181
pets,dinov2_vits14,linear_probe,10,3,0.91542625,0.91374599,370,1478,004bddf245c12562,,11,l2,20,uniform,1.0,1000,0.0363
pets,dinov2_vits14,knn,10,4,0.82746955,0.82086632,370,1478,ca991faf5b87725d,20,,l2,20,uniform,1.0,1000,0.0179
pets,dinov2_vits14,linear_probe,10,4,0.91407307,0.91278623,370,1478,4c4a6193237d7929,,12,l2,20,uniform,1.0,1000,0.0385
pets,dinov2_vits14,knn,25,0,0.89039242,0.88760903,925,1478,4fe6dbc341307cd3,20,,l2,20,uniform,1.0,1000,0.0282
pets,dinov2_vits14,linear_probe,25,0,0.93301759,0.93242823,925,1478,c1481e3f8e9752a6,,17,l2,20,uniform,1.0,1000,0.0772
pets,dinov2_vits14,knn,25,1,0.90595399,0.90368541,925,1478,22957c62dc02681a,20,,l2,20,uniform,1.0,1000,0.0281
pets,dinov2_vits14,linear_probe,25,1,0.94248985,0.94172622,925,1478,c7029afe3968f17d,,17,l2,20,uniform,1.0,1000,0.0926
pets,dinov2_vits14,knn,25,2,0.90595399,0.90425856,925,1478,0d59168228ff64ed,20,,l2,20,uniform,1.0,1000,0.0279
pets,dinov2_vits14,linear_probe,25,2,0.94248985,0.94166127,925,1478,b8034afd7624395c,,17,l2,20,uniform,1.0,1000,0.1301
pets,dinov2_vits14,knn,25,3,0.90121786,0.89957041,925,1478,46b88071f061e8a2,20,,l2,20,uniform,1.0,1000,0.029
pets,dinov2_vits14,linear_probe,25,3,0.93437077,0.9336625,925,1478,470bef3d690c83d9,,17,l2,20,uniform,1.0,1000,0.0737
pets,dinov2_vits14,knn,25,4,0.90324763,0.90064567,925,1478,d5dbfeca6910acbf,20,,l2,20,uniform,1.0,1000,0.0277
pets,dinov2_vits14,linear_probe,25,4,0.94316644,0.94230348,925,1478,8cb1f51df2b86727,,17,l2,20,uniform,1.0,1000,0.083
pets,dinov2_vits14,knn,50,0,0.91542625,0.91428584,1850,1478,0c30c7b5bc3e5c3a,20,,l2,20,uniform,1.0,1000,0.0446
pets,dinov2_vits14,linear_probe,50,0,0.95466847,0.95434836,1850,1478,a4077d4c6f7bd619,,21,l2,20,uniform,1.0,1000,0.1293
pets,dinov2_vits14,knn,50,1,0.92016238,0.91909219,1850,1478,6b1e09f0a9c35289,20,,l2,20,uniform,1.0,1000,0.0475
pets,dinov2_vits14,linear_probe,50,1,0.95060893,0.95042164,1850,1478,71daf7b7ec641255,,16,l2,20,uniform,1.0,1000,0.1238
pets,dinov2_vits14,knn,50,2,0.92219215,0.92081886,1850,1478,023d4c1651557311,20,,l2,20,uniform,1.0,1000,0.0566
pets,dinov2_vits14,linear_probe,50,2,0.95196211,0.95155296,1850,1478,9a599bfc695c17f2,,21,l2,20,uniform,1.0,1000,0.1261
pets,dinov2_vits14,knn,50,3,0.91813261,0.91709373,1850,1478,6415bc936bc41bf7,20,,l2,20,uniform,1.0,1000,0.0458
pets,dinov2_vits14,linear_probe,50,3,0.94790257,0.947694,1850,1478,9830983f147eefa6,,16,l2,20,uniform,1.0,1000,0.1365
pets,dinov2_vits14,knn,50,4,0.92354533,0.9225288,1850,1478,13da6dbd4c51925f,20,,l2,20,uniform,1.0,1000,0.0464
pets,dinov2_vits14,linear_probe,50,4,0.94857916,0.94823545,1850,1478,5428535fdf787256,,16,l2,20,uniform,1.0,1000,0.1179
pets,dinov2_vits14,knn,all,0,0.94384303,0.94351856,5912,1478,87a9ada24b713ca6,20,,l2,20,uniform,1.0,1000,0.1202
pets,dinov2_vits14,linear_probe,all,0,0.96211096,0.9619738,5912,1478,960eb427bf4d4453,,31,l2,20,uniform,1.0,1000,0.5706
pets,dinov2_vits14,knn,all,1,0.94384303,0.94351856,5912,1478,4d082cac164f1f26,20,,l2,20,uniform,1.0,1000,0.1595
pets,dinov2_vits14,linear_probe,all,1,0.96211096,0.9619738,5912,1478,a4aee42f6217f634,,31,l2,20,uniform,1.0,1000,0.7417
pets,dinov2_vits14,knn,all,2,0.94384303,0.94351856,5912,1478,59674502fc862524,20,,l2,20,uniform,1.0,1000,0.1509
pets,dinov2_vits14,linear_probe,all,2,0.96211096,0.9619738,5912,1478,ec6dd56ed8dad754,,31,l2,20,uniform,1.0,1000,0.5527
pets,dinov2_vits14,knn,all,3,0.94384303,0.94351856,5912,1478,50aa4839ad0cbc8e,20,,l2,20,uniform,1.0,1000,0.1633
pets,dinov2_vits14,linear_probe,all,3,0.96211096,0.9619738,5912,1478,b78b6217d60a7433,,31,l2,20,uniform,1.0,1000,0.5291
pets,dinov2_vits14,knn,all,4,0.94384303,0.94351856,5912,1478,c82717b9e22ed3e2,20,,l2,20,uniform,1.0,1000,0.1392
pets,dinov2_vits14,linear_probe,all,4,0.96211096,0.9619738,5912,1478,925ab229893f6923,,31,l2,20,uniform,1.0,1000,0.6192
eurosat,dinov2_vits14,knn,1,0,0.11740741,0.02101425,10,2700,ba1ee72b095ea844,10,,l2,20,uniform,1.0,1000,0.0121
eurosat,dinov2_vits14,linear_probe,1,0,0.62,0.57406778,10,2700,a70b535d9b950070,,7,l2,20,uniform,1.0,1000,0.0164
eurosat,dinov2_vits14,knn,1,1,0.11740741,0.02101425,10,2700,9cbc162b5be54808,10,,l2,20,uniform,1.0,1000,0.0142
eurosat,dinov2_vits14,linear_probe,1,1,0.54222222,0.50846563,10,2700,ee1e46b94a4657b2,,7,l2,20,uniform,1.0,1000,0.015
eurosat,dinov2_vits14,knn,1,2,0.11740741,0.02101425,10,2700,3972fc2b7d671611,10,,l2,20,uniform,1.0,1000,0.0128
eurosat,dinov2_vits14,linear_probe,1,2,0.45444444,0.42125559,10,2700,5f55526e31ee8035,,7,l2,20,uniform,1.0,1000,0.0157
eurosat,dinov2_vits14,knn,1,3,0.11740741,0.02101425,10,2700,739230ce86c66d22,10,,l2,20,uniform,1.0,1000,0.0146
eurosat,dinov2_vits14,linear_probe,1,3,0.54296296,0.51292782,10,2700,4cbc612134a49fe4,,6,l2,20,uniform,1.0,1000,0.0114
eurosat,dinov2_vits14,knn,1,4,0.11740741,0.02101425,10,2700,2c47a146ee854bc8,10,,l2,20,uniform,1.0,1000,0.0127
eurosat,dinov2_vits14,linear_probe,1,4,0.5737037,0.52158603,10,2700,deadff843fb1a4d7,,6,l2,20,uniform,1.0,1000,0.0118
eurosat,dinov2_vits14,knn,2,0,0.11740741,0.02101425,20,2700,36d11a27c36b2d95,20,,l2,20,uniform,1.0,1000,0.0143
eurosat,dinov2_vits14,linear_probe,2,0,0.67518519,0.63665693,20,2700,7c93575ee47d08ad,,8,l2,20,uniform,1.0,1000,0.0126
eurosat,dinov2_vits14,knn,2,1,0.11740741,0.02101425,20,2700,6ef1440fc2d94cbb,20,,l2,20,uniform,1.0,1000,0.0177
eurosat,dinov2_vits14,linear_probe,2,1,0.60962963,0.58869539,20,2700,f90ffc433db8ab09,,7,l2,20,uniform,1.0,1000,0.014
eurosat,dinov2_vits14,knn,2,2,0.11740741,0.02101425,20,2700,cd30235e37576bd0,20,,l2,20,uniform,1.0,1000,0.013
eurosat,dinov2_vits14,linear_probe,2,2,0.71444444,0.69498685,20,2700,bff5c4dd8400cf57,,7,l2,20,uniform,1.0,1000,0.0122
eurosat,dinov2_vits14,knn,2,3,0.11740741,0.02101425,20,2700,426d51d3709d1ad7,20,,l2,20,uniform,1.0,1000,0.0135
eurosat,dinov2_vits14,linear_probe,2,3,0.62555556,0.59887784,20,2700,f7f35413b0535841,,7,l2,20,uniform,1.0,1000,0.0131
eurosat,dinov2_vits14,knn,2,4,0.11740741,0.02101425,20,2700,db688e24a96a4dfa,20,,l2,20,uniform,1.0,1000,0.0137
eurosat,dinov2_vits14,linear_probe,2,4,0.59814815,0.5537827,20,2700,c79045d492bda475,,8,l2,20,uniform,1.0,1000,0.0131
eurosat,dinov2_vits14,knn,5,0,0.45074074,0.38810559,50,2700,ba0971f9db6ab923,20,,l2,20,uniform,1.0,1000,0.0135
eurosat,dinov2_vits14,linear_probe,5,0,0.71592593,0.69167415,50,2700,af196436ed5fb4e5,,10,l2,20,uniform,1.0,1000,0.014
eurosat,dinov2_vits14,knn,5,1,0.46148148,0.39178609,50,2700,d922353f03871dab,20,,l2,20,uniform,1.0,1000,0.0156
eurosat,dinov2_vits14,linear_probe,5,1,0.75925926,0.74331722,50,2700,0059b720dcb1e302,,10,l2,20,uniform,1.0,1000,0.0158
eurosat,dinov2_vits14,knn,5,2,0.47777778,0.41551633,50,2700,8db3c09857e041df,20,,l2,20,uniform,1.0,1000,0.0148
eurosat,dinov2_vits14,linear_probe,5,2,0.76592593,0.74954892,50,2700,9bc5cb29a582fcb8,,7,l2,20,uniform,1.0,1000,0.0129
eurosat,dinov2_vits14,knn,5,3,0.38333333,0.31730732,50,2700,3931fc8a53b8c89b,20,,l2,20,uniform,1.0,1000,0.0152
eurosat,dinov2_vits14,linear_probe,5,3,0.73851852,0.72455341,50,2700,3fc51cc04f136d76,,14,l2,20,uniform,1.0,1000,0.0162
eurosat,dinov2_vits14,knn,5,4,0.4637037,0.41254207,50,2700,db166ff0e0ffb916,20,,l2,20,uniform,1.0,1000,0.0148
eurosat,dinov2_vits14,linear_probe,5,4,0.73814815,0.72277626,50,2700,a3cb85d18f14228a,,10,l2,20,uniform,1.0,1000,0.0127
eurosat,dinov2_vits14,knn,10,0,0.67925926,0.6561194,100,2700,91299508479aeeeb,20,,l2,20,uniform,1.0,1000,0.02
eurosat,dinov2_vits14,linear_probe,10,0,0.79888889,0.78264316,100,2700,ff00b73a02180e3c,,14,l2,20,uniform,1.0,1000,0.0165
eurosat,dinov2_vits14,knn,10,1,0.63925926,0.60887965,100,2700,02cbf45042877be6,20,,l2,20,uniform,1.0,1000,0.017
eurosat,dinov2_vits14,linear_probe,10,1,0.79777778,0.78035507,100,2700,a50812531e4f4a11,,14,l2,20,uniform,1.0,1000,0.018
eurosat,dinov2_vits14,knn,10,2,0.6437037,0.62489263,100,2700,07c8ff4c6ff5c1f3,20,,l2,20,uniform,1.0,1000,0.0257
eurosat,dinov2_vits14,linear_probe,10,2,0.8262963,0.81690632,100,2700,e1a64ed7ca94dde3,,14,l2,20,uniform,1.0,1000,0.0162
eurosat,dinov2_vits14,knn,10,3,0.5537037,0.53346966,100,2700,ac47d1be4e7216c4,20,,l2,20,uniform,1.0,1000,0.0189
eurosat,dinov2_vits14,linear_probe,10,3,0.78851852,0.77769525,100,2700,1b91ea25a4c97bd6,,14,l2,20,uniform,1.0,1000,0.0165
eurosat,dinov2_vits14,knn,10,4,0.59814815,0.57958979,100,2700,3334cd7fb1c5656c,20,,l2,20,uniform,1.0,1000,0.0181
eurosat,dinov2_vits14,linear_probe,10,4,0.77888889,0.76559924,100,2700,dcbf0d9b2f803ba7,,14,l2,20,uniform,1.0,1000,0.0163
eurosat,dinov2_vits14,knn,25,0,0.78555556,0.77353184,250,2700,5851344b47c3582f,20,,l2,20,uniform,1.0,1000,0.0273
eurosat,dinov2_vits14,linear_probe,25,0,0.87037037,0.86169838,250,2700,480ad1b18cb8ad70,,19,l2,20,uniform,1.0,1000,0.0209
eurosat,dinov2_vits14,knn,25,1,0.76740741,0.75643453,250,2700,49e8c4e1b7c2d6b1,20,,l2,20,uniform,1.0,1000,0.027
eurosat,dinov2_vits14,linear_probe,25,1,0.85296296,0.84362237,250,2700,418ca1f73c569bb6,,19,l2,20,uniform,1.0,1000,0.0213
eurosat,dinov2_vits14,knn,25,2,0.78148148,0.7726068,250,2700,e8f335ee2224081a,20,,l2,20,uniform,1.0,1000,0.0267
eurosat,dinov2_vits14,linear_probe,25,2,0.86185185,0.85441668,250,2700,6f465ac1ca73cc8d,,21,l2,20,uniform,1.0,1000,0.0213
eurosat,dinov2_vits14,knn,25,3,0.75925926,0.750016,250,2700,ae460c8608d9ccc9,20,,l2,20,uniform,1.0,1000,0.0254
eurosat,dinov2_vits14,linear_probe,25,3,0.86592593,0.85799073,250,2700,f62cb5b99edcc4b7,,19,l2,20,uniform,1.0,1000,0.022
eurosat,dinov2_vits14,knn,25,4,0.7837037,0.77235727,250,2700,a65de39078ab33cc,20,,l2,20,uniform,1.0,1000,0.0258
eurosat,dinov2_vits14,linear_probe,25,4,0.85407407,0.84723814,250,2700,8a8189f46dc33471,,19,l2,20,uniform,1.0,1000,0.0214
eurosat,dinov2_vits14,knn,50,0,0.82222222,0.80946222,500,2700,72881a256ded20c7,20,,l2,20,uniform,1.0,1000,0.0352
eurosat,dinov2_vits14,linear_probe,50,0,0.88111111,0.87335628,500,2700,659da64a5f541768,,26,l2,20,uniform,1.0,1000,0.0347
eurosat,dinov2_vits14,knn,50,1,0.8237037,0.81495394,500,2700,c45bd14517619e52,20,,l2,20,uniform,1.0,1000,0.0328
eurosat,dinov2_vits14,linear_probe,50,1,0.88925926,0.88307676,500,2700,f0acea1e657c29e1,,26,l2,20,uniform,1.0,1000,0.0358
eurosat,dinov2_vits14,knn,50,2,0.83259259,0.82547928,500,2700,2edb4a90e36342d5,20,,l2,20,uniform,1.0,1000,0.0351
eurosat,dinov2_vits14,linear_probe,50,2,0.88703704,0.8823531,500,2700,4420f6eb37570b9b,,25,l2,20,uniform,1.0,1000,0.0386
eurosat,dinov2_vits14,knn,50,3,0.80555556,0.79757551,500,2700,58f5fa5befa6f875,20,,l2,20,uniform,1.0,1000,0.0365
eurosat,dinov2_vits14,linear_probe,50,3,0.88814815,0.88184986,500,2700,5c0299c86fb7f6e2,,25,l2,20,uniform,1.0,1000,0.0344
eurosat,dinov2_vits14,knn,50,4,0.83333333,0.82300796,500,2700,229f0629106f4b54,20,,l2,20,uniform,1.0,1000,0.0345
eurosat,dinov2_vits14,linear_probe,50,4,0.89037037,0.88527683,500,2700,e1e33359e91f7817,,25,l2,20,uniform,1.0,1000,0.0316
eurosat,dinov2_vits14,knn,all,0,0.92222222,0.9173862,21600,2700,76e026e057ca9e60,20,,l2,20,uniform,1.0,1000,0.7095
eurosat,dinov2_vits14,linear_probe,all,0,0.95185185,0.95020489,21600,2700,864869cf1e4e5b68,,65,l2,20,uniform,1.0,1000,1.9547
eurosat,dinov2_vits14,knn,all,1,0.92222222,0.9173862,21600,2700,64255379d14f8398,20,,l2,20,uniform,1.0,1000,0.7157
eurosat,dinov2_vits14,linear_probe,all,1,0.95185185,0.95020489,21600,2700,fc6d0e32e0a18d6e,,65,l2,20,uniform,1.0,1000,1.7807
eurosat,dinov2_vits14,knn,all,2,0.92222222,0.9173862,21600,2700,0d05b4e08a9fec52,20,,l2,20,uniform,1.0,1000,0.6955
eurosat,dinov2_vits14,linear_probe,all,2,0.95185185,0.95020489,21600,2700,b490912c78d643a6,,65,l2,20,uniform,1.0,1000,1.8763
eurosat,dinov2_vits14,knn,all,3,0.92222222,0.9173862,21600,2700,470969a531f812aa,20,,l2,20,uniform,1.0,1000,0.7997
eurosat,dinov2_vits14,linear_probe,all,3,0.95185185,0.95020489,21600,2700,939b973fd2dc70b1,,65,l2,20,uniform,1.0,1000,2.6738
eurosat,dinov2_vits14,knn,all,4,0.92222222,0.9173862,21600,2700,45a7d2b9de614a85,20,,l2,20,uniform,1.0,1000,0.7884
eurosat,dinov2_vits14,linear_probe,all,4,0.95185185,0.95020489,21600,2700,984632163acf9f8c,,65,l2,20,uniform,1.0,1000,1.9677
