method,backbone,dataset,label_budget,seed,accuracy,n_train,k_actual,n_iter,preprocess,knn_weights,eval_time_sec,timestamp
knn,resnet50,pets,1,0,0.715832,37,20,,l2,distance,0.055,2026-09-26 14:52:03
linear_probe,resnet50,pets,1,0,0.700271,37,,4,l2,distance,0.999,2026-09-26 14:52:04
knn,resnet50,pets,1,1,0.746955,37,20,,l2,distance,0.028,2026-09-26 14:52:04
linear_probe,resnet50,pets,1,1,0.757104,37,,4,l2,distance,0.602,2026-09-26 14:52:05
knn,resnet50,pets,1,2,0.705683,37,20,,l2,distance,0.024,2026-09-26 14:52:05
linear_probe,resnet50,pets,1,2,0.724628,37,,4,l2,distance,0.061,2026-09-26 14:52:05
knn,resnet50,pets,1,3,0.813938,37,20,,l2,distance,0.016,2026-09-26 14:52:05
linear_probe,resnet50,pets,1,3,0.818674,37,,4,l2,distance,0.04,2026-09-26 14:52:05
knn,resnet50,pets,1,4,0.803789,37,20,,l2,distance,0.015,2026-09-26 14:52:05
linear_probe,resnet50,pets,1,4,0.811908,37,,4,l2,distance,0.041,2026-09-26 14:52:05
knn,resnet50,pets,2,0,0.805819,74,20,,l2,distance,0.017,2026-09-26 14:52:05
linear_probe,resnet50,pets,2,0,0.802436,74,,4,l2,distance,0.051,2026-09-26 14:52:05
knn,resnet50,pets,2,1,0.831529,74,20,,l2,distance,0.018,2026-09-26 14:52:05
linear_probe,resnet50,pets,2,1,0.847091,74,,4,l2,distance,0.031,2026-09-26 14:52:05
knn,resnet50,pets,2,2,0.772666,74,20,,l2,distance,0.017,2026-09-26 14:52:05
linear_probe,resnet50,pets,2,2,0.786874,74,,4,l2,distance,0.03,2026-09-26 14:52:05
knn,resnet50,pets,2,3,0.866035,74,20,,l2,distance,0.018,2026-09-26 14:52:06
linear_probe,resnet50,pets,2,3,0.849797,74,,4,l2,distance,0.03,2026-09-26 14:52:06
knn,resnet50,pets,2,4,0.849797,74,20,,l2,distance,0.017,2026-09-26 14:52:06
linear_probe,resnet50,pets,2,4,0.845061,74,,4,l2,distance,0.131,2026-09-26 14:52:06
knn,resnet50,pets,5,0,0.864005,185,20,,l2,distance,0.024,2026-09-26 14:52:06
linear_probe,resnet50,pets,5,0,0.883627,185,,7,l2,distance,0.152,2026-09-26 14:52:06
knn,resnet50,pets,5,1,0.856563,185,20,,l2,distance,0.023,2026-09-26 14:52:06
linear_probe,resnet50,pets,5,1,0.88295,185,,7,l2,distance,0.153,2026-09-26 14:52:06
knn,resnet50,pets,5,2,0.857916,185,20,,l2,distance,0.023,2026-09-26 14:52:06
linear_probe,resnet50,pets,5,2,0.870771,185,,7,l2,distance,0.152,2026-09-26 14:52:06
knn,resnet50,pets,5,3,0.851827,185,20,,l2,distance,0.023,2026-09-26 14:52:06
linear_probe,resnet50,pets,5,3,0.873478,185,,7,l2,distance,0.152,2026-09-26 14:52:06
knn,resnet50,pets,5,4,0.85521,185,20,,l2,distance,0.024,2026-09-26 14:52:06
linear_probe,resnet50,pets,5,4,0.873478,185,,7,l2,distance,0.153,2026-09-26 14:52:07
knn,resnet50,pets,10,0,0.88295,370,20,,l2,distance,0.033,2026-09-26 14:52:07
linear_probe,resnet50,pets,10,0,0.906631,370,,11,l2,distance,0.205,2026-09-26 14:52:07
knn,resnet50,pets,10,1,0.876861,370,20,,l2,distance,0.03,2026-09-26 14:52:07
linear_probe,resnet50,pets,10,1,0.903248,370,,11,l2,distance,0.203,2026-09-26 14:52:07
knn,resnet50,pets,10,2,0.874154,370,20,,l2,distance,0.031,2026-09-26 14:52:07
linear_probe,resnet50,pets,10,2,0.887009,370,,14,l2,distance,0.233,2026-09-26 14:52:07
knn,resnet50,pets,10,3,0.888363,370,20,,l2,distance,0.031,2026-09-26 14:52:07
linear_probe,resnet50,pets,10,3,0.893099,370,,11,l2,distance,0.204,2026-09-26 14:52:08
knn,resnet50,pets,10,4,0.881597,370,20,,l2,distance,0.031,2026-09-26 14:52:08
linear_probe,resnet50,pets,10,4,0.899865,370,,11,l2,distance,0.202,2026-09-26 14:52:08
knn,resnet50,pets,25,0,0.907984,925,20,,l2,distance,0.067,2026-09-26 14:52:08
linear_probe,resnet50,pets,25,0,0.918133,925,,14,l2,distance,0.361,2026-09-26 14:52:08
knn,resnet50,pets,25,1,0.894452,925,20,,l2,distance,0.064,2026-09-26 14:52:08
linear_probe,resnet50,pets,25,1,0.913396,925,,15,l2,distance,0.351,2026-09-26 14:52:09
knn,resnet50,pets,25,2,0.893775,925,20,,l2,distance,0.062,2026-09-26 14:52:09
linear_probe,resnet50,pets,25,2,0.91272,925,,14,l2,distance,0.339,2026-09-26 14:52:09
knn,resnet50,pets,25,3,0.897158,925,20,,l2,distance,0.061,2026-09-26 14:52:09
linear_probe,resnet50,pets,25,3,0.916103,925,,14,l2,distance,0.329,2026-09-26 14:52:10
knn,resnet50,pets,25,4,0.906631,925,20,,l2,distance,0.062,2026-09-26 14:52:10
linear_probe,resnet50,pets,25,4,0.91272,925,,14,l2,distance,0.329,2026-09-26 14:52:10
knn,resnet50,pets,50,0,0.919486,1850,20,,l2,distance,0.135,2026-09-26 14:52:10
linear_probe,resnet50,pets,50,0,0.926252,1850,,21,l2,distance,0.648,2026-09-26 14:52:11
knn,resnet50,pets,50,1,0.916103,1850,20,,l2,distance,0.129,2026-09-26 14:52:11
linear_probe,resnet50,pets,50,1,0.924899,1850,,20,l2,distance,0.594,2026-09-26 14:52:11
knn,resnet50,pets,50,2,0.91069,1850,20,,l2,distance,0.167,2026-09-26 14:52:12
linear_probe,resnet50,pets,50,2,0.918809,1850,,21,l2,distance,0.703,2026-09-26 14:52:12
knn,resnet50,pets,50,3,0.914073,1850,20,,l2,distance,0.162,2026-09-26 14:52:13
linear_probe,resnet50,pets,50,3,0.925575,1850,,21,l2,distance,0.717,2026-09-26 14:52:13
knn,resnet50,pets,50,4,0.904601,1850,20,,l2,distance,0.158,2026-09-26 14:52:14
linear_probe,resnet50,pets,50,4,0.920162,1850,,22,l2,distance,0.743,2026-09-26 14:52:14
knn,resnet50,pets,all,0,0.930311,5912,20,,l2,distance,0.563,2026-09-26 14:52:15
linear_probe,resnet50,pets,all,0,0.934371,5912,,31,l2,distance,2.478,2026-09-26 14:52:17
knn,resnet50,pets,all,1,0.930311,5912,20,,l2,distance,0.532,2026-09-26 14:52:18
linear_probe,resnet50,pets,all,1,0.934371,5912,,31,l2,distance,2.498,2026-09-26 14:52:21
knn,resnet50,pets,all,2,0.930311,5912,20,,l2,distance,0.542,2026-09-26 14:52:21
linear_probe,resnet50,pets,all,2,0.934371,5912,,31,l2,distance,2.485,2026-09-26 14:52:24
knn,resnet50,pets,all,3,0.930311,5912,20,,l2,distance,0.533,2026-09-26 14:52:24
linear_probe,resnet50,pets,all,3,0.934371,5912,,31,l2,distance,2.477,2026-09-26 14:52:27
knn,resnet50,pets,all,4,0.930311,5912,20,,l2,distance,0.523,2026-09-26 14:52:27
linear_probe,resnet50,pets,all,4,0.934371,5912,,31,l2,distance,2.507,2026-09-26 14:52:30
knn,resnet50,eurosat,1,0,0.650741,10,10,,l2,distance,0.061,2026-09-26 14:52:32
linear_probe,resnet50,eurosat,1,0,0.663704,10,,6,l2,distance,0.07,2026-09-26 14:52:32
knn,resnet50,eurosat,1,1,0.500741,10,10,,l2,distance,0.019,2026-09-26 14:52:32
linear_probe,resnet50,eurosat,1,1,0.528519,10,,6,l2,distance,0.064,2026-09-26 14:52:32
knn,resnet50,eurosat,1,2,0.535185,10,10,,l2,distance,0.019,2026-09-26 14:52:32
linear_probe,resnet50,eurosat,1,2,0.535556,10,,7,l2,distance,0.064,2026-09-26 14:52:32
knn,resnet50,eurosat,1,3,0.562593,10,10,,l2,distance,0.018,2026-09-26 14:52:32
linear_probe,resnet50,eurosat,1,3,0.59963,10,,6,l2,distance,0.063,2026-09-26 14:52:32
knn,resnet50,eurosat,1,4,0.528148,10,10,,l2,distance,0.018,2026-09-26 14:52:32
linear_probe,resnet50,eurosat,1,4,0.535185,10,,6,l2,distance,0.066,2026-09-26 14:52:33
knn,resnet50,eurosat,2,0,0.682593,20,20,,l2,distance,0.021,2026-09-26 14:52:33
linear_probe,resnet50,eurosat,2,0,0.686667,20,,7,l2,distance,0.064,2026-09-26 14:52:33
knn,resnet50,eurosat,2,1,0.65037,20,20,,l2,distance,0.021,2026-09-26 14:52:33
linear_probe,resnet50,eurosat,2,1,0.673333,20,,7,l2,distance,0.064,2026-09-26 14:52:33
knn,resnet50,eurosat,2,2,0.708519,20,20,,l2,distance,0.02,2026-09-26 14:52:33
linear_probe,resnet50,eurosat,2,2,0.704444,20,,7,l2,distance,0.065,2026-09-26 14:52:33
knn,resnet50,eurosat,2,3,0.693333,20,20,,l2,distance,0.02,2026-09-26 14:52:33
linear_probe,resnet50,eurosat,2,3,0.721852,20,,7,l2,distance,0.064,2026-09-26 14:52:33
knn,resnet50,eurosat,2,4,0.628148,20,20,,l2,distance,0.021,2026-09-26 14:52:33
linear_probe,resnet50,eurosat,2,4,0.648148,20,,7,l2,distance,0.064,2026-09-26 14:52:33
knn,resnet50,eurosat,5,0,0.714444,50,20,,l2,distance,0.028,2026-09-26 14:52:33
linear_probe,resnet50,eurosat,5,0,0.798148,50,,11,l2,distance,0.071,2026-09-26 14:52:33
knn,resnet50,eurosat,5,1,0.673333,50,20,,l2,distance,0.029,2026-09-26 14:52:33
linear_probe,resnet50,eurosat,5,1,0.76,50,,10,l2,distance,0.073,2026-09-26 14:52:33
knn,resnet50,eurosat,5,2,0.743704,50,20,,l2,distance,0.029,2026-09-26 14:52:33
linear_probe,resnet50,eurosat,5,2,0.790741,50,,10,l2,distance,0.073,2026-09-26 14:52:33
knn,resnet50,eurosat,5,3,0.722222,50,20,,l2,distance,0.028,2026-09-26 14:52:33
linear_probe,resnet50,eurosat,5,3,0.781852,50,,10,l2,distance,0.075,2026-09-26 14:52:33
knn,resnet50,eurosat,5,4,0.70037,50,20,,l2,distance,0.028,2026-09-26 14:52:33
linear_probe,resnet50,eurosat,5,4,0.756667,50,,13,l2,distance,0.074,2026-09-26 14:52:34
knn,resnet50,eurosat,10,0,0.740741,100,20,,l2,distance,0.033,2026-09-26 14:52:34
linear_probe,resnet50,eurosat,10,0,0.814444,100,,14,l2,distance,0.085,2026-09-26 14:52:34
knn,resnet50,eurosat,10,1,0.718148,100,20,,l2,distance,0.034,2026-09-26 14:52:34
linear_probe,resnet50,eurosat,10,1,0.80963,100,,14,l2,distance,0.082,2026-09-26 14:52:34
knn,resnet50,eurosat,10,2,0.774815,100,20,,l2,distance,0.034,2026-09-26 14:52:34
linear_probe,resnet50,eurosat,10,2,0.822222,100,,14,l2,distance,0.083,2026-09-26 14:52:34
knn,resnet50,eurosat,10,3,0.745926,100,20,,l2,distance,0.033,2026-09-26 14:52:34
linear_probe,resnet50,eurosat,10,3,0.81963,100,,14,l2,distance,0.076,2026-09-26 14:52:34
knn,resnet50,eurosat,10,4,0.721111,100,20,,l2,distance,0.036,2026-09-26 14:52:34
linear_probe,resnet50,eurosat,10,4,0.78,100,,14,l2,distance,0.086,2026-09-26 14:52:34
knn,resnet50,eurosat,25,0,0.802963,250,20,,l2,distance,0.047,2026-09-26 14:52:34
linear_probe,resnet50,eurosat,25,0,0.867778,250,,18,l2,distance,0.105,2026-09-26 14:52:34
knn,resnet50,eurosat,25,1,0.81,250,20,,l2,distance,0.047,2026-09-26 14:52:34
linear_probe,resnet50,eurosat,25,1,0.86037,250,,18,l2,distance,0.106,2026-09-26 14:52:34
knn,resnet50,eurosat,25,2,0.810741,250,20,,l2,distance,0.048,2026-09-26 14:52:35
linear_probe,resnet50,eurosat,25,2,0.851852,250,,18,l2,distance,0.103,2026-09-26 14:52:35
knn,resnet50,eurosat,25,3,0.805926,250,20,,l2,distance,0.047,2026-09-26 14:52:35
linear_probe,resnet50,eurosat,25,3,0.867407,250,,17,l2,distance,0.097,2026-09-26 14:52:35
knn,resnet50,eurosat,25,4,0.793333,250,20,,l2,distance,0.046,2026-09-26 14:52:35
linear_probe,resnet50,eurosat,25,4,0.857407,250,,18,l2,distance,0.107,2026-09-26 14:52:35
knn,resnet50,eurosat,50,0,0.827407,500,20,,l2,distance,0.077,2026-09-26 14:52:35
linear_probe,resnet50,eurosat,50,0,0.88037,500,,21,l2,distance,0.138,2026-09-26 14:52:35
knn,resnet50,eurosat,50,1,0.838889,500,20,,l2,distance,0.067,2026-09-26 14:52:35
linear_probe,resnet50,eurosat,50,1,0.88037,500,,21,l2,distance,0.127,2026-09-26 14:52:35
knn,resnet50,eurosat,50,2,0.827037,500,20,,l2,distance,0.069,2026-09-26 14:52:35
linear_probe,resnet50,eurosat,50,2,0.875556,500,,25,l2,distance,0.154,2026-09-26 14:52:36
knn,resnet50,eurosat,50,3,0.831852,500,20,,l2,distance,0.07,2026-09-26 14:52:36
linear_probe,resnet50,eurosat,50,3,0.886296,500,,25,l2,distance,0.146,2026-09-26 14:52:36
knn,resnet50,eurosat,50,4,0.83963,500,20,,l2,distance,0.066,2026-09-26 14:52:36
linear_probe,resnet50,eurosat,50,4,0.887037,500,,26,l2,distance,0.148,2026-09-26 14:52:36
knn,resnet50,eurosat,all,0,0.928519,21600,20,,l2,distance,2.936,2026-09-26 14:52:39
linear_probe,resnet50,eurosat,all,0,0.95037,21600,,65,l2,distance,8.439,2026-09-26 14:52:48
knn,resnet50,eurosat,all,1,0.928519,21600,20,,l2,distance,2.954,2026-09-26 14:52:51
linear_probe,resnet50,eurosat,all,1,0.95037,21600,,65,l2,distance,8.64,2026-09-26 14:53:00
knn,resnet50,eurosat,all,2,0.928519,21600,20,,l2,distance,2.989,2026-09-26 14:53:03
linear_probe,resnet50,eurosat,all,2,0.95037,21600,,65,l2,distance,8.62,2026-09-26 14:53:12
knn,resnet50,eurosat,all,3,0.928519,21600,20,,l2,distance,3.004,2026-09-26 14:53:15
linear_probe,resnet50,eurosat,all,3,0.95037,21600,,65,l2,distance,8.579,2026-09-26 14:53:24
knn,resnet50,eurosat,all,4,0.928519,21600,20,,l2,distance,3.134,2026-09-26 14:53:27
linear_probe,resnet50,eurosat,all,4,0.95037,21600,,65,l2,distance,8.637,2026-09-26 14:53:36
knn,dinov2,pets,1,0,0.689445,37,20,,l2,distance,0.009,2026-09-26 14:53:36
linear_probe,dinov2,pets,1,0,0.690798,37,,4,l2,distance,0.013,2026-09-26 14:53:36
knn,dinov2,pets,1,1,0.741543,37,20,,l2,distance,0.009,2026-09-26 14:53:36
linear_probe,dinov2,pets,1,1,0.746955,37,,4,l2,distance,0.012,2026-09-26 14:53:36
knn,dinov2,pets,1,2,0.684709,37,20,,l2,distance,0.008,2026-09-26 14:53:36
linear_probe,dinov2,pets,1,2,0.67659,37,,4,l2,distance,0.016,2026-09-26 14:53:36
knn,dinov2,pets,1,3,0.767253,37,20,,l2,distance,0.009,2026-09-26 14:53:36
linear_probe,dinov2,pets,1,3,0.769283,37,,4,l2,distance,0.015,2026-09-26 14:53:36
knn,dinov2,pets,1,4,0.748985,37,20,,l2,distance,0.009,2026-09-26 14:53:36
linear_probe,dinov2,pets,1,4,0.746955,37,,4,l2,distance,0.015,2026-09-26 14:53:36
knn,dinov2,pets,2,0,0.788904,74,20,,l2,distance,0.009,2026-09-26 14:53:36
linear_probe,dinov2,pets,2,0,0.79364,74,,4,l2,distance,0.015,2026-09-26 14:53:36
knn,dinov2,pets,2,1,0.826793,74,20,,l2,distance,0.009,2026-09-26 14:53:36
linear_probe,dinov2,pets,2,1,0.822733,74,,4,l2,distance,0.016,2026-09-26 14:53:36
knn,dinov2,pets,2,2,0.766576,74,20,,l2,distance,0.009,2026-09-26 14:53:36
linear_probe,dinov2,pets,2,2,0.780785,74,,4,l2,distance,0.013,2026-09-26 14:53:36
knn,dinov2,pets,2,3,0.840325,74,20,,l2,distance,0.009,2026-09-26 14:53:36
linear_probe,dinov2,pets,2,3,0.835589,74,,4,l2,distance,0.015,2026-09-26 14:53:37
knn,dinov2,pets,2,4,0.812585,74,20,,l2,distance,0.01,2026-09-26 14:53:37
linear_probe,dinov2,pets,2,4,0.817321,74,,5,l2,distance,0.015,2026-09-26 14:53:37
knn,dinov2,pets,5,0,0.85115,185,20,,l2,distance,0.011,2026-09-26 14:53:37
linear_probe,dinov2,pets,5,0,0.878214,185,,7,l2,distance,0.013,2026-09-26 14:53:37
knn,dinov2,pets,5,1,0.859946,185,20,,l2,distance,0.011,2026-09-26 14:53:37
linear_probe,dinov2,pets,5,1,0.891746,185,,7,l2,distance,0.015,2026-09-26 14:53:37
knn,dinov2,pets,5,2,0.868065,185,20,,l2,distance,0.011,2026-09-26 14:53:37
linear_probe,dinov2,pets,5,2,0.881597,185,,7,l2,distance,0.015,2026-09-26 14:53:37
knn,dinov2,pets,5,3,0.881597,185,20,,l2,distance,0.011,2026-09-26 14:53:37
linear_probe,dinov2,pets,5,3,0.891069,185,,7,l2,distance,0.016,2026-09-26 14:53:37
knn,dinov2,pets,5,4,0.844384,185,20,,l2,distance,0.012,2026-09-26 14:53:37
linear_probe,dinov2,pets,5,4,0.870771,185,,7,l2,distance,0.015,2026-09-26 14:53:37
knn,dinov2,pets,10,0,0.882273,370,20,,l2,distance,0.015,2026-09-26 14:53:37
linear_probe,dinov2,pets,10,0,0.91475,370,,11,l2,distance,0.025,2026-09-26 14:53:37
knn,dinov2,pets,10,1,0.883627,370,20,,l2,distance,0.015,2026-09-26 14:53:37
linear_probe,dinov2,pets,10,1,0.918809,370,,10,l2,distance,0.024,2026-09-26 14:53:37
knn,dinov2,pets,10,2,0.876184,370,20,,l2,distance,0.015,2026-09-26 14:53:37
linear_probe,dinov2,pets,10,2,0.91272,370,,10,l2,distance,0.025,2026-09-26 14:53:37
knn,dinov2,pets,10,3,0.88295,370,20,,l2,distance,0.015,2026-09-26 14:53:37
linear_probe,dinov2,pets,10,3,0.915426,370,,11,l2,distance,0.033,2026-09-26 14:53:37
knn,dinov2,pets,10,4,0.872124,370,20,,l2,distance,0.015,2026-09-26 14:53:37
linear_probe,dinov2,pets,10,4,0.914073,370,,12,l2,distance,0.033,2026-09-26 14:53:37
knn,dinov2,pets,25,0,0.903248,925,20,,l2,distance,0.025,2026-09-26 14:53:37
linear_probe,dinov2,pets,25,0,0.933018,925,,17,l2,distance,0.056,2026-09-26 14:53:37
knn,dinov2,pets,25,1,0.919486,925,20,,l2,distance,0.025,2026-09-26 14:53:37
linear_probe,dinov2,pets,25,1,0.94249,925,,17,l2,distance,0.056,2026-09-26 14:53:37
knn,dinov2,pets,25,2,0.91475,925,20,,l2,distance,0.025,2026-09-26 14:53:37
linear_probe,dinov2,pets,25,2,0.94249,925,,17,l2,distance,0.066,2026-09-26 14:53:37
knn,dinov2,pets,25,3,0.910014,925,20,,l2,distance,0.025,2026-09-26 14:53:37
linear_probe,dinov2,pets,25,3,0.934371,925,,17,l2,distance,0.056,2026-09-26 14:53:37
knn,dinov2,pets,25,4,0.917456,925,20,,l2,distance,0.025,2026-09-26 14:53:37
linear_probe,dinov2,pets,25,4,0.943166,925,,17,l2,distance,0.158,2026-09-26 14:53:37
knn,dinov2,pets,50,0,0.925575,1850,20,,l2,distance,0.043,2026-09-26 14:53:38
linear_probe,dinov2,pets,50,0,0.954668,1850,,21,l2,distance,0.116,2026-09-26 14:53:38
knn,dinov2,pets,50,1,0.926252,1850,20,,l2,distance,0.041,2026-09-26 14:53:38
linear_probe,dinov2,pets,50,1,0.950609,1850,,16,l2,distance,0.097,2026-09-26 14:53:38
knn,dinov2,pets,50,2,0.926252,1850,20,,l2,distance,0.042,2026-09-26 14:53:38
linear_probe,dinov2,pets,50,2,0.951962,1850,,21,l2,distance,0.121,2026-09-26 14:53:38
knn,dinov2,pets,50,3,0.924222,1850,20,,l2,distance,0.042,2026-09-26 14:53:38
linear_probe,dinov2,pets,50,3,0.947903,1850,,16,l2,distance,0.096,2026-09-26 14:53:38
knn,dinov2,pets,50,4,0.931664,1850,20,,l2,distance,0.041,2026-09-26 14:53:38
linear_probe,dinov2,pets,50,4,0.948579,1850,,16,l2,distance,0.098,2026-09-26 14:53:38
knn,dinov2,pets,all,0,0.948579,5912,20,,l2,distance,0.225,2026-09-26 14:53:39
linear_probe,dinov2,pets,all,0,0.962111,5912,,31,l2,distance,0.543,2026-09-26 14:53:39
knn,dinov2,pets,all,1,0.948579,5912,20,,l2,distance,0.235,2026-09-26 14:53:39
linear_probe,dinov2,pets,all,1,0.962111,5912,,31,l2,distance,0.542,2026-09-26 14:53:40
knn,dinov2,pets,all,2,0.948579,5912,20,,l2,distance,0.227,2026-09-26 14:53:40
linear_probe,dinov2,pets,all,2,0.962111,5912,,31,l2,distance,0.542,2026-09-26 14:53:41
knn,dinov2,pets,all,3,0.948579,5912,20,,l2,distance,0.224,2026-09-26 14:53:41
linear_probe,dinov2,pets,all,3,0.962111,5912,,31,l2,distance,0.542,2026-09-26 14:53:41
knn,dinov2,pets,all,4,0.948579,5912,20,,l2,distance,0.222,2026-09-26 14:53:42
linear_probe,dinov2,pets,all,4,0.962111,5912,,31,l2,distance,0.553,2026-09-26 14:53:42
knn,dinov2,eurosat,1,0,0.636667,10,10,,l2,distance,0.007,2026-09-26 14:53:43
linear_probe,dinov2,eurosat,1,0,0.62,10,,7,l2,distance,0.013,2026-09-26 14:53:43
knn,dinov2,eurosat,1,1,0.51963,10,10,,l2,distance,0.006,2026-09-26 14:53:43
linear_probe,dinov2,eurosat,1,1,0.542222,10,,7,l2,distance,0.013,2026-09-26 14:53:43
knn,dinov2,eurosat,1,2,0.462963,10,10,,l2,distance,0.006,2026-09-26 14:53:43
linear_probe,dinov2,eurosat,1,2,0.454444,10,,7,l2,distance,0.013,2026-09-26 14:53:43
knn,dinov2,eurosat,1,3,0.517778,10,10,,l2,distance,0.007,2026-09-26 14:53:43
linear_probe,dinov2,eurosat,1,3,0.542963,10,,6,l2,distance,0.013,2026-09-26 14:53:43
knn,dinov2,eurosat,1,4,0.534074,10,10,,l2,distance,0.006,2026-09-26 14:53:43
linear_probe,dinov2,eurosat,1,4,0.573704,10,,6,l2,distance,0.015,2026-09-26 14:53:43
knn,dinov2,eurosat,2,0,0.671481,20,20,,l2,distance,0.008,2026-09-26 14:53:43
linear_probe,dinov2,eurosat,2,0,0.675185,20,,8,l2,distance,0.015,2026-09-26 14:53:43
knn,dinov2,eurosat,2,1,0.604444,20,20,,l2,distance,0.008,2026-09-26 14:53:43
linear_probe,dinov2,eurosat,2,1,0.60963,20,,7,l2,distance,0.015,2026-09-26 14:53:43
knn,dinov2,eurosat,2,2,0.666296,20,20,,l2,distance,0.009,2026-09-26 14:53:43
linear_probe,dinov2,eurosat,2,2,0.714444,20,,7,l2,distance,0.016,2026-09-26 14:53:43
knn,dinov2,eurosat,2,3,0.58963,20,20,,l2,distance,0.008,2026-09-26 14:53:43
linear_probe,dinov2,eurosat,2,3,0.625556,20,,7,l2,distance,0.015,2026-09-26 14:53:43
knn,dinov2,eurosat,2,4,0.583704,20,20,,l2,distance,0.008,2026-09-26 14:53:43
linear_probe,dinov2,eurosat,2,4,0.598148,20,,8,l2,distance,0.016,2026-09-26 14:53:43
knn,dinov2,eurosat,5,0,0.638889,50,20,,l2,distance,0.01,2026-09-26 14:53:43
linear_probe,dinov2,eurosat,5,0,0.715926,50,,10,l2,distance,0.013,2026-09-26 14:53:43
knn,dinov2,eurosat,5,1,0.644074,50,20,,l2,distance,0.01,2026-09-26 14:53:43
linear_probe,dinov2,eurosat,5,1,0.759259,50,,10,l2,distance,0.013,2026-09-26 14:53:43
knn,dinov2,eurosat,5,2,0.7,50,20,,l2,distance,0.011,2026-09-26 14:53:43
linear_probe,dinov2,eurosat,5,2,0.765926,50,,7,l2,distance,0.013,2026-09-26 14:53:43
knn,dinov2,eurosat,5,3,0.621481,50,20,,l2,distance,0.01,2026-09-26 14:53:43
linear_probe,dinov2,eurosat,5,3,0.738519,50,,14,l2,distance,0.015,2026-09-26 14:53:43
knn,dinov2,eurosat,5,4,0.666296,50,20,,l2,distance,0.011,2026-09-26 14:53:43
linear_probe,dinov2,eurosat,5,4,0.738148,50,,10,l2,distance,0.015,2026-09-26 14:53:43
knn,dinov2,eurosat,10,0,0.740741,100,20,,l2,distance,0.013,2026-09-26 14:53:43
linear_probe,dinov2,eurosat,10,0,0.798889,100,,14,l2,distance,0.013,2026-09-26 14:53:43
knn,dinov2,eurosat,10,1,0.694815,100,20,,l2,distance,0.012,2026-09-26 14:53:43
linear_probe,dinov2,eurosat,10,1,0.797778,100,,14,l2,distance,0.016,2026-09-26 14:53:43
knn,dinov2,eurosat,10,2,0.774444,100,20,,l2,distance,0.012,2026-09-26 14:53:43
linear_probe,dinov2,eurosat,10,2,0.826296,100,,14,l2,distance,0.015,2026-09-26 14:53:43
knn,dinov2,eurosat,10,3,0.673704,100,20,,l2,distance,0.013,2026-09-26 14:53:43
linear_probe,dinov2,eurosat,10,3,0.788519,100,,14,l2,distance,0.015,2026-09-26 14:53:43
knn,dinov2,eurosat,10,4,0.692222,100,20,,l2,distance,0.014,2026-09-26 14:53:43
linear_probe,dinov2,eurosat,10,4,0.778889,100,,14,l2,distance,0.013,2026-09-26 14:53:43
knn,dinov2,eurosat,25,0,0.815926,250,20,,l2,distance,0.022,2026-09-26 14:53:43
linear_probe,dinov2,eurosat,25,0,0.87037,250,,19,l2,distance,0.016,2026-09-26 14:53:43
knn,dinov2,eurosat,25,1,0.792222,250,20,,l2,distance,0.018,2026-09-26 14:53:43
linear_probe,dinov2,eurosat,25,1,0.852963,250,,19,l2,distance,0.016,2026-09-26 14:53:43
knn,dinov2,eurosat,25,2,0.805185,250,20,,l2,distance,0.019,2026-09-26 14:53:43
linear_probe,dinov2,eurosat,25,2,0.861852,250,,21,l2,distance,0.014,2026-09-26 14:53:43
knn,dinov2,eurosat,25,3,0.791481,250,20,,l2,distance,0.018,2026-09-26 14:53:43
linear_probe,dinov2,eurosat,25,3,0.865926,250,,19,l2,distance,0.016,2026-09-26 14:53:43
knn,dinov2,eurosat,25,4,0.806667,250,20,,l2,distance,0.019,2026-09-26 14:53:43
linear_probe,dinov2,eurosat,25,4,0.854074,250,,19,l2,distance,0.013,2026-09-26 14:53:43
knn,dinov2,eurosat,50,0,0.831481,500,20,,l2,distance,0.035,2026-09-26 14:53:43
linear_probe,dinov2,eurosat,50,0,0.881111,500,,26,l2,distance,0.127,2026-09-26 14:53:44
knn,dinov2,eurosat,50,1,0.837407,500,20,,l2,distance,0.032,2026-09-26 14:53:44
linear_probe,dinov2,eurosat,50,1,0.889259,500,,26,l2,distance,0.129,2026-09-26 14:53:44
knn,dinov2,eurosat,50,2,0.844074,500,20,,l2,distance,0.03,2026-09-26 14:53:44
linear_probe,dinov2,eurosat,50,2,0.887037,500,,25,l2,distance,0.135,2026-09-26 14:53:44
knn,dinov2,eurosat,50,3,0.821111,500,20,,l2,distance,0.03,2026-09-26 14:53:44
linear_probe,dinov2,eurosat,50,3,0.888148,500,,25,l2,distance,0.136,2026-09-26 14:53:44
knn,dinov2,eurosat,50,4,0.845926,500,20,,l2,distance,0.03,2026-09-26 14:53:44
linear_probe,dinov2,eurosat,50,4,0.89037,500,,25,l2,distance,0.134,2026-09-26 14:53:44
knn,dinov2,eurosat,all,0,0.923333,21600,20,,l2,distance,1.518,2026-09-26 14:53:46
linear_probe,dinov2,eurosat,all,0,0.951852,21600,,65,l2,distance,1.824,2026-09-26 14:53:48
knn,dinov2,eurosat,all,1,0.923333,21600,20,,l2,distance,1.472,2026-09-26 14:53:49
linear_probe,dinov2,eurosat,all,1,0.951852,21600,,65,l2,distance,1.851,2026-09-26 14:53:51
knn,dinov2,eurosat,all,2,0.923333,21600,20,,l2,distance,1.488,2026-09-26 14:53:53
linear_probe,dinov2,eurosat,all,2,0.951852,21600,,65,l2,distance,1.828,2026-09-26 14:53:54
knn,dinov2,eurosat,all,3,0.923333,21600,20,,l2,distance,1.459,2026-09-26 14:53:56
linear_probe,dinov2,eurosat,all,3,0.951852,21600,,65,l2,distance,1.823,2026-09-26 14:53:58
knn,dinov2,eurosat,all,4,0.923333,21600,20,,l2,distance,1.465,2026-09-26 14:53:59
linear_probe,dinov2,eurosat,all,4,0.951852,21600,,65,l2,distance,1.864,2026-09-26 14:54:01
