dataset,backbone,method,k_shot,seed,accuracy,f1_macro,num_train_samples,num_test_samples,run_id,k_actual,n_iter,preprocess,knn_k,knn_weights,lp_C,lp_max_iter,eval_time_sec
pets,resnet50,knn,1,0,0.14479026,0.07316901,37,1478,85e137f1df8424f8,5,,l2,5,uniform,1.0,1000,0.0276
pets,resnet50,linear_probe,1,0,0.66644114,0.63082316,37,1478,dfdf901923614af7,,5,l2,5,uniform,1.0,1000,0.0377
pets,resnet50,knn,1,1,0.15087957,0.07758379,37,1478,7312389f6e6563bf,5,,l2,5,uniform,1.0,1000,0.0226
pets,resnet50,linear_probe,1,1,0.73207037,0.71789743,37,1478,c4a97245867a66bf,,5,l2,5,uniform,1.0,1000,0.0333
pets,resnet50,knn,1,2,0.13734777,0.0887945,37,1478,6d8160dfd382a7e8,5,,l2,5,uniform,1.0,1000,0.0213
pets,resnet50,linear_probe,1,2,0.69282815,0.67625305,37,1478,568c5848acb184aa,,5,l2,5,uniform,1.0,1000,0.033
pets,resnet50,knn,1,3,0.14276049,0.07470739,37,1478,c051da63bb125fea,5,,l2,5,uniform,1.0,1000,0.0207
pets,resnet50,linear_probe,1,3,0.74154263,0.730319,37,1478,6529678863f252f5,,5,l2,5,uniform,1.0,1000,0.0324
pets,resnet50,knn,1,4,0.17117727,0.09708325,37,1478,88e17bb82d2b457b,5,,l2,5,uniform,1.0,1000,0.0199
pets,resnet50,linear_probe,1,4,0.72530447,0.70364475,37,1478,5603fc7933c3afbc,,5,l2,5,uniform,1.0,1000,0.0329
pets,resnet50,knn,2,0,0.54939107,0.51916052,74,1478,07387bedf78f397c,5,,l2,5,uniform,1.0,1000,0.0208
pets,resnet50,linear_probe,2,0,0.77198917,0.76094361,74,1478,dbfede8d25825e84,,5,l2,5,uniform,1.0,1000,0.0336
pets,resnet50,knn,2,1,0.57171854,0.55914811,74,1478,4c38938854029361,5,,l2,5,uniform,1.0,1000,0.0211
pets,resnet50,linear_probe,2,1,0.79634641,0.78626122,74,1478,09517bcc75fc064b,,5,l2,5,uniform,1.0,1000,0.0339
pets,resnet50,knn,2,2,0.60216509,0.58256286,74,1478,d7241e5056367be7,5,,l2,5,uniform,1.0,1000,0.0207
pets,resnet50,linear_probe,2,2,0.75169147,0.73840539,74,1478,3f37928fde5b0197,,5,l2,5,uniform,1.0,1000,0.0335
pets,resnet50,knn,2,3,0.60757781,0.58423255,74,1478,657d8d141fbff287,5,,l2,5,uniform,1.0,1000,0.0208
pets,resnet50,linear_probe,2,3,0.81867388,0.81025914,74,1478,fa91c67942992f05,,5,l2,5,uniform,1.0,1000,0.0327
pets,resnet50,knn,2,4,0.62516915,0.60928474,74,1478,1642f33f2ee7b038,5,,l2,5,uniform,1.0,1000,0.0209
pets,resnet50,linear_probe,2,4,0.79769959,0.7852436,74,1478,fe20999a8066f935,,5,l2,5,uniform,1.0,1000,0.0389
pets,resnet50,knn,5,0,0.83964817,0.83624896,185,1478,cec749d24d6715d9,5,,l2,5,uniform,1.0,1000,0.0304
pets,resnet50,linear_probe,5,0,0.86197564,0.85915515,185,1478,94de13f610e18881,,7,l2,5,uniform,1.0,1000,0.0446
pets,resnet50,knn,5,1,0.84303112,0.83829681,185,1478,add5ece27cbff5cc,5,,l2,5,uniform,1.0,1000,0.0224
pets,resnet50,linear_probe,5,1,0.84844384,0.83894551,185,1478,4498cf61ec6eebcc,,11,l2,5,uniform,1.0,1000,0.066
pets,resnet50,knn,5,2,0.82138024,0.82105478,185,1478,412158e140bfb161,5,,l2,5,uniform,1.0,1000,0.0244
pets,resnet50,linear_probe,5,2,0.85588633,0.85099674,185,1478,d2f789774022d0fe,,11,l2,5,uniform,1.0,1000,0.0683
pets,resnet50,knn,5,3,0.84167794,0.83687406,185,1478,9b5dc9ff08795d86,5,,l2,5,uniform,1.0,1000,0.0249
pets,resnet50,linear_probe,5,3,0.86129905,0.85497112,185,1478,f2bb69cf36c21eaa,,7,l2,5,uniform,1.0,1000,0.0437
pets,resnet50,knn,5,4,0.84709066,0.84289804,185,1478,bd962c8bcdd4c1d1,5,,l2,5,uniform,1.0,1000,0.0242
pets,resnet50,linear_probe,5,4,0.85047361,0.84491759,185,1478,b38a23266cae206a,,8,l2,5,uniform,1.0,1000,0.0491
pets,resnet50,knn,10,0,0.87686062,0.8763355,370,1478,7bb6d80338d9ee6d,5,,l2,5,uniform,1.0,1000,0.0312
pets,resnet50,linear_probe,10,0,0.90460081,0.90153663,370,1478,97a091e1fcab4090,,11,l2,5,uniform,1.0,1000,0.0739
pets,resnet50,knn,10,1,0.88227334,0.87883243,370,1478,85400d71b76fe1ea,5,,l2,5,uniform,1.0,1000,0.0298
pets,resnet50,linear_probe,10,1,0.88092016,0.87266481,370,1478,be24e5bf832c06fb,,11,l2,5,uniform,1.0,1000,0.0813
pets,resnet50,knn,10,2,0.85047361,0.84909748,370,1478,cf82bb97f0e035d4,5,,l2,5,uniform,1.0,1000,0.0295
pets,resnet50,linear_probe,10,2,0.88159675,0.87716001,370,1478,9e78cc784ee8e403,,11,l2,5,uniform,1.0,1000,0.0721
pets,resnet50,knn,10,3,0.87686062,0.87411561,370,1478,a55e1f5a07f16b2c,5,,l2,5,uniform,1.0,1000,0.029
pets,resnet50,linear_probe,10,3,0.89377537,0.88932229,370,1478,cd567e5cb079f701,,11,l2,5,uniform,1.0,1000,0.0737
pets,resnet50,knn,10,4,0.87550744,0.8743371,370,1478,cf89542d50ba7553,5,,l2,5,uniform,1.0,1000,0.0297
pets,resnet50,linear_probe,10,4,0.89783491,0.89504404,370,1478,0c80b0ff450b977b,,11,l2,5,uniform,1.0,1000,0.0737
pets,resnet50,knn,25,0,0.90189445,0.90132152,925,1478,b19acc3e4011fd6b,5,,l2,5,uniform,1.0,1000,0.0498
pets,resnet50,linear_probe,25,0,0.92354533,0.92167366,925,1478,cfc24f8053ee2b17,,16,l2,5,uniform,1.0,1000,0.1248
pets,resnet50,knn,25,1,0.89986468,0.89858828,925,1478,852bd06011240057,5,,l2,5,uniform,1.0,1000,0.0465
pets,resnet50,linear_probe,25,1,0.92760487,0.92610627,925,1478,8180d61b01d91c0a,,16,l2,5,uniform,1.0,1000,0.1228
pets,resnet50,knn,25,2,0.89715832,0.89661588,925,1478,186f41a52934a9b2,5,,l2,5,uniform,1.0,1000,0.0469
pets,resnet50,linear_probe,25,2,0.92016238,0.91850327,925,1478,883255c015f4b24e,,16,l2,5,uniform,1.0,1000,0.1276
pets,resnet50,knn,25,3,0.89309878,0.8915135,925,1478,32e6567ba724a231,5,,l2,5,uniform,1.0,1000,0.0466
pets,resnet50,linear_probe,25,3,0.92354533,0.92229487,925,1478,7829b55f3d47a1d0,,18,l2,5,uniform,1.0,1000,0.1414
pets,resnet50,knn,25,4,0.90730717,0.9064029,925,1478,c02996731dc44fc0,5,,l2,5,uniform,1.0,1000,0.0474
pets,resnet50,linear_probe,25,4,0.92422192,0.9225138,925,1478,c55b5a01ece5757f,,16,l2,5,uniform,1.0,1000,0.1249
pets,resnet50,knn,50,0,0.91339648,0.9128463,1850,1478,877c4790a02e1982,5,,l2,5,uniform,1.0,1000,0.0774
pets,resnet50,linear_probe,50,0,0.93572395,0.93513027,1850,1478,26f3c1cb2b23bf8c,,22,l2,5,uniform,1.0,1000,0.219
pets,resnet50,knn,50,1,0.92219215,0.92209633,1850,1478,7e0c3b9e03f453e4,5,,l2,5,uniform,1.0,1000,0.0819
pets,resnet50,linear_probe,50,1,0.93369418,0.93288096,1850,1478,85fcb8391829755a,,17,l2,5,uniform,1.0,1000,0.1917
pets,resnet50,knn,50,2,0.91407307,0.91376947,1850,1478,d6b2cebb9107003f,5,,l2,5,uniform,1.0,1000,0.0752
pets,resnet50,linear_probe,50,2,0.93098782,0.93028239,1850,1478,b1e21fa2a962677e,,22,l2,5,uniform,1.0,1000,0.1977
pets,resnet50,knn,50,3,0.91271989,0.91217238,1850,1478,d8b70b4ddb490f0e,5,,l2,5,uniform,1.0,1000,0.0746
pets,resnet50,linear_probe,50,3,0.932341,0.9317119,1850,1478,e699c4b247f82e8a,,17,l2,5,uniform,1.0,1000,0.1669
pets,resnet50,knn,50,4,0.91677943,0.91573027,1850,1478,aadc366b7dce8024,5,,l2,5,uniform,1.0,1000,0.0774
pets,resnet50,linear_probe,50,4,0.93504736,0.93444531,1850,1478,bdff132f370b158c,,23,l2,5,uniform,1.0,1000,0.2578
pets,resnet50,knn,all,0,0.93098782,0.93014097,5912,1478,063028b4e43440f7,5,,l2,5,uniform,1.0,1000,0.202
pets,resnet50,linear_probe,all,0,0.94248985,0.94234103,5912,1478,1e3d2e0c9459c4dc,,29,l2,5,uniform,1.0,1000,0.963
pets,resnet50,knn,all,1,0.93098782,0.93014097,5912,1478,a0d6bccf20c361a8,5,,l2,5,uniform,1.0,1000,0.1534
pets,resnet50,linear_probe,all,1,0.94248985,0.94234103,5912,1478,03bc034ec3cdb3bf,,29,l2,5,uniform,1.0,1000,0.484
pets,resnet50,knn,all,2,0.93098782,0.93014097,5912,1478,3964edd7392c8271,5,,l2,5,uniform,1.0,1000,0.1552
pets,resnet50,linear_probe,all,2,0.94248985,0.94234103,5912,1478,7d10305419c9e1ec,,29,l2,5,uniform,1.0,1000,0.485
pets,resnet50,knn,all,3,0.93098782,0.93014097,5912,1478,cc2526f60555b4be,5,,l2,5,uniform,1.0,1000,0.156
pets,resnet50,linear_probe,all,3,0.94248985,0.94234103,5912,1478,c73fdaf5c9117557,,29,l2,5,uniform,1.0,1000,0.5902
pets,resnet50,knn,all,4,0.93098782,0.93014097,5912,1478,d4ec71a2cc582327,5,,l2,5,uniform,1.0,1000,0.157
pets,resnet50,linear_probe,all,4,0.94248985,0.94234103,5912,1478,49959fe94d5a1309,,29,l2,5,uniform,1.0,1000,0.5086
eurosat,resnet50,knn,1,0,0.36814815,0.23029074,10,2700,912c971483d1a6c6,5,,l2,5,uniform,1.0,1000,0.037
eurosat,resnet50,linear_probe,1,0,0.67666667,0.64214599,10,2700,bd43d46932fa8920,,7,l2,5,uniform,1.0,1000,0.0314
eurosat,resnet50,knn,1,1,0.23259259,0.12713016,10,2700,c7407616fc53eefc,5,,l2,5,uniform,1.0,1000,0.035
eurosat,resnet50,linear_probe,1,1,0.5137037,0.48212311,10,2700,67192167a38d05cb,,7,l2,5,uniform,1.0,1000,0.0319
eurosat,resnet50,knn,1,2,0.30888889,0.18232715,10,2700,d2576a4c6faea401,5,,l2,5,uniform,1.0,1000,0.0352
eurosat,resnet50,linear_probe,1,2,0.55888889,0.49080757,10,2700,db9bc9c82254b32d,,6,l2,5,uniform,1.0,1000,0.0302
eurosat,resnet50,knn,1,3,0.30925926,0.16597886,10,2700,7df63e6055503e82,5,,l2,5,uniform,1.0,1000,0.0369
eurosat,resnet50,linear_probe,1,3,0.59333333,0.53475226,10,2700,34e67d552875af3c,,7,l2,5,uniform,1.0,1000,0.0314
eurosat,resnet50,knn,1,4,0.26481481,0.13075963,10,2700,c46e23bcdf2fa639,5,,l2,5,uniform,1.0,1000,0.0353
eurosat,resnet50,linear_probe,1,4,0.54555556,0.49494872,10,2700,376d19c30d90f667,,7,l2,5,uniform,1.0,1000,0.0324
eurosat,resnet50,knn,2,0,0.53444444,0.48111647,20,2700,5e551eefaeb698ac,5,,l2,5,uniform,1.0,1000,0.0355
eurosat,resnet50,linear_probe,2,0,0.71666667,0.68914159,20,2700,d0f60b9dc81bd931,,8,l2,5,uniform,1.0,1000,0.0339
eurosat,resnet50,knn,2,1,0.49888889,0.45123388,20,2700,8333c31dc2ad5a25,5,,l2,5,uniform,1.0,1000,0.0352
eurosat,resnet50,linear_probe,2,1,0.67555556,0.63793954,20,2700,827b3f7663d4664a,,8,l2,5,uniform,1.0,1000,0.0338
eurosat,resnet50,knn,2,2,0.51296296,0.46331428,20,2700,c3d927b3ae7d5822,5,,l2,5,uniform,1.0,1000,0.0362
eurosat,resnet50,linear_probe,2,2,0.71925926,0.68816697,20,2700,6e357d884cfaf6e5,,7,l2,5,uniform,1.0,1000,0.0317
eurosat,resnet50,knn,2,3,0.55407407,0.5260468,20,2700,d7bd2ddbb7299f68,5,,l2,5,uniform,1.0,1000,0.0317
eurosat,resnet50,linear_probe,2,3,0.71555556,0.68975275,20,2700,39dc076cbc2128a2,,8,l2,5,uniform,1.0,1000,0.033
eurosat,resnet50,knn,2,4,0.49518519,0.42136864,20,2700,bea90fb23b5b5657,5,,l2,5,uniform,1.0,1000,0.0348
eurosat,resnet50,linear_probe,2,4,0.68074074,0.64518182,20,2700,dbfb8f171d292e9c,,7,l2,5,uniform,1.0,1000,0.032
eurosat,resnet50,knn,5,0,0.72555556,0.6957756,50,2700,c5e66e7a03cb33fc,5,,l2,5,uniform,1.0,1000,0.0365
eurosat,resnet50,linear_probe,5,0,0.77222222,0.75306917,50,2700,e2a4303c49804163,,14,l2,5,uniform,1.0,1000,0.0501
eurosat,resnet50,knn,5,1,0.72592593,0.71330921,50,2700,ee5f0bdd997cfbf2,5,,l2,5,uniform,1.0,1000,0.0365
eurosat,resnet50,linear_probe,5,1,0.7662963,0.74814253,50,2700,38ed8b7c5d9f67a8,,13,l2,5,uniform,1.0,1000,0.0475
eurosat,resnet50,knn,5,2,0.71444444,0.69563888,50,2700,5119f550d01b0a08,5,,l2,5,uniform,1.0,1000,0.0371
eurosat,resnet50,linear_probe,5,2,0.77074074,0.74736708,50,2700,feebc7cd258284dc,,13,l2,5,uniform,1.0,1000,0.0473
eurosat,resnet50,knn,5,3,0.74074074,0.72830997,50,2700,893b89a98c273bd5,5,,l2,5,uniform,1.0,1000,0.0369
eurosat,resnet50,linear_probe,5,3,0.78111111,0.76415882,50,2700,8dbd583bb4aa6d2a,,13,l2,5,uniform,1.0,1000,0.0477
eurosat,resnet50,knn,5,4,0.69814815,0.67949233,50,2700,84bc90f825f37d97,5,,l2,5,uniform,1.0,1000,0.0365
eurosat,resnet50,linear_probe,5,4,0.76592593,0.74331896,50,2700,023cdc8db71ae8e3,,13,l2,5,uniform,1.0,1000,0.0465
eurosat,resnet50,knn,10,0,0.76740741,0.74833289,100,2700,2f83b3aa9e8cea9c,5,,l2,5,uniform,1.0,1000,0.0399
eurosat,resnet50,linear_probe,10,0,0.81148148,0.79803154,100,2700,23a2ca5550446db9,,15,l2,5,uniform,1.0,1000,0.0534
eurosat,resnet50,knn,10,1,0.77296296,0.76302713,100,2700,47f30362ba64d84c,5,,l2,5,uniform,1.0,1000,0.0462
eurosat,resnet50,linear_probe,10,1,0.80296296,0.78897273,100,2700,b207963065185247,,18,l2,5,uniform,1.0,1000,0.0624
eurosat,resnet50,knn,10,2,0.79185185,0.7810568,100,2700,681328579b9f3e0d,5,,l2,5,uniform,1.0,1000,0.0346
eurosat,resnet50,linear_probe,10,2,0.80740741,0.79372775,100,2700,f4d9a341b0943ece,,18,l2,5,uniform,1.0,1000,0.0578
eurosat,resnet50,knn,10,3,0.78481481,0.77454086,100,2700,cadaf861c52a4afe,5,,l2,5,uniform,1.0,1000,0.0335
eurosat,resnet50,linear_probe,10,3,0.81444444,0.80191474,100,2700,7686ab6bd3f33003,,15,l2,5,uniform,1.0,1000,0.0524
eurosat,resnet50,knn,10,4,0.7662963,0.75791046,100,2700,61744f6aac6d5b5c,5,,l2,5,uniform,1.0,1000,0.0294
eurosat,resnet50,linear_probe,10,4,0.79814815,0.78585612,100,2700,9c798eed62b5daaf,,14,l2,5,uniform,1.0,1000,0.0449
eurosat,resnet50,knn,25,0,0.82592593,0.81491913,250,2700,0c3a2112e10af9f2,5,,l2,5,uniform,1.0,1000,0.0381
eurosat,resnet50,linear_probe,25,0,0.85481481,0.84963438,250,2700,f07d3ac1a6953751,,20,l2,5,uniform,1.0,1000,0.0643
eurosat,resnet50,knn,25,1,0.83111111,0.82086415,250,2700,7117ee01c0d39edf,5,,l2,5,uniform,1.0,1000,0.0378
eurosat,resnet50,linear_probe,25,1,0.84148148,0.83310378,250,2700,73778cfd25137c1a,,25,l2,5,uniform,1.0,1000,0.0783
eurosat,resnet50,knn,25,2,0.81740741,0.80415821,250,2700,c90dc41b39e74b94,5,,l2,5,uniform,1.0,1000,0.0371
eurosat,resnet50,linear_probe,25,2,0.83814815,0.82844999,250,2700,4f152db7a774d6f6,,21,l2,5,uniform,1.0,1000,0.0683
eurosat,resnet50,knn,25,3,0.82481481,0.81443338,250,2700,3b658ecffc29d229,5,,l2,5,uniform,1.0,1000,0.0372
eurosat,resnet50,linear_probe,25,3,0.85592593,0.84946708,250,2700,a7c5d8d8903c3733,,20,l2,5,uniform,1.0,1000,0.0751
eurosat,resnet50,knn,25,4,0.81037037,0.80237621,250,2700,04ab651421d73779,5,,l2,5,uniform,1.0,1000,0.0419
eurosat,resnet50,linear_probe,25,4,0.83592593,0.82983799,250,2700,fb4ff8b12d1c9bbd,,20,l2,5,uniform,1.0,1000,0.0693
eurosat,resnet50,knn,50,0,0.8437037,0.83470051,500,2700,cb78cfc71d19ca74,5,,l2,5,uniform,1.0,1000,0.0492
eurosat,resnet50,linear_probe,50,0,0.87148148,0.86718192,500,2700,c6ed3506ad80ca88,,22,l2,5,uniform,1.0,1000,0.0935
eurosat,resnet50,knn,50,1,0.84888889,0.84079038,500,2700,bef4d9f41e756431,5,,l2,5,uniform,1.0,1000,0.0496
eurosat,resnet50,linear_probe,50,1,0.86259259,0.85745031,500,2700,349d53f98d8dc2f6,,27,l2,5,uniform,1.0,1000,0.1161
eurosat,resnet50,knn,50,2,0.83703704,0.82620295,500,2700,9d3d20c8fcc67c45,5,,l2,5,uniform,1.0,1000,0.0474
eurosat,resnet50,linear_probe,50,2,0.86222222,0.85718828,500,2700,1f4fc0072b0089cc,,27,l2,5,uniform,1.0,1000,0.0932
eurosat,resnet50,knn,50,3,0.84481481,0.83633837,500,2700,4e49387cd3dc890d,5,,l2,5,uniform,1.0,1000,0.0528
eurosat,resnet50,linear_probe,50,3,0.88111111,0.87784812,500,2700,021430cdab565260,,27,l2,5,uniform,1.0,1000,0.2051
eurosat,resnet50,knn,50,4,0.84703704,0.83965266,500,2700,b52428a8633372cc,5,,l2,5,uniform,1.0,1000,0.0485
eurosat,resnet50,linear_probe,50,4,0.86962963,0.86617544,500,2700,51160c963750875b,,32,l2,5,uniform,1.0,1000,0.1463
eurosat,resnet50,knn,all,0,0.91481481,0.91007082,21600,2700,96d0e6fa07d67929,5,,l2,5,uniform,1.0,1000,1.005
eurosat,resnet50,linear_probe,all,0,0.93296296,0.9317771,21600,2700,ecad43aa8ab1fd95,,76,l2,5,uniform,1.0,1000,8.2554
eurosat,resnet50,knn,all,1,0.91481481,0.91007082,21600,2700,ba3d983194f1a613,5,,l2,5,uniform,1.0,1000,0.8206
eurosat,resnet50,linear_probe,all,1,0.93296296,0.9317771,21600,2700,1914a25c9aaf002f,,76,l2,5,uniform,1.0,1000,3.2259
eurosat,resnet50,knn,all,2,0.91481481,0.91007082,21600,2700,2cb507cd8f0b70ab,5,,l2,5,uniform,1.0,1000,0.793
eurosat,resnet50,linear_probe,all,2,0.93296296,0.9317771,21600,2700,b09b7c6b3399a8d8,,76,l2,5,uniform,1.0,1000,3.2379
eurosat,resnet50,knn,all,3,0.91481481,0.91007082,21600,2700,ca2ab933e46fea88,5,,l2,5,uniform,1.0,1000,0.7333
eurosat,resnet50,linear_probe,all,3,0.93296296,0.9317771,21600,2700,04e618f1d43c00d1,,76,l2,5,uniform,1.0,1000,2.6329
eurosat,resnet50,knn,all,4,0.91481481,0.91007082,21600,2700,7377eacd13f2330c,5,,l2,5,uniform,1.0,1000,0.7602
eurosat,resnet50,linear_probe,all,4,0.93296296,0.9317771,21600,2700,c9740c7706c1ac32,,76,l2,5,uniform,1.0,1000,3.071
pets,dinov2_vits14,knn,1,0,0.13734777,0.07413284,37,1478,fd0a3bc8c6ef664d,5,,l2,5,uniform,1.0,1000,0.0058
pets,dinov2_vits14,linear_probe,1,0,0.69079838,0.65595882,37,1478,9531d0266f375bee,,4,l2,5,uniform,1.0,1000,0.0076
pets,dinov2_vits14,knn,1,1,0.15358593,0.09967447,37,1478,7b0dbcd2fd1c7b23,5,,l2,5,uniform,1.0,1000,0.0059
pets,dinov2_vits14,linear_probe,1,1,0.74695535,0.72849938,37,1478,5f7d480a8a378126,,4,l2,5,uniform,1.0,1000,0.008
pets,dinov2_vits14,knn,1,2,0.13261164,0.06938708,37,1478,7ddbdfea35610fa1,5,,l2,5,uniform,1.0,1000,0.0058
pets,dinov2_vits14,linear_probe,1,2,0.67658999,0.65724622,37,1478,0fc1d1c722eecc0c,,4,l2,5,uniform,1.0,1000,0.0071
pets,dinov2_vits14,knn,1,3,0.12719892,0.06442844,37,1478,359dfd504ac28b9a,5,,l2,5,uniform,1.0,1000,0.0057
pets,dinov2_vits14,linear_probe,1,3,0.76928281,0.76675346,37,1478,64a338485bdd790c,,4,l2,5,uniform,1.0,1000,0.0073
pets,dinov2_vits14,knn,1,4,0.13802436,0.06817921,37,1478,70a9d676e13fa7f4,5,,l2,5,uniform,1.0,1000,0.0057
pets,dinov2_vits14,linear_probe,1,4,0.74695535,0.73285139,37,1478,6a64a970bca2ade0,,4,l2,5,uniform,1.0,1000,0.0076
pets,dinov2_vits14,knn,2,0,0.52638701,0.48696461,74,1478,e8479a283bd03ab8,5,,l2,5,uniform,1.0,1000,0.0069
pets,dinov2_vits14,linear_probe,2,0,0.79364005,0.78279115,74,1478,e4c6b9a190fec019,,4,l2,5,uniform,1.0,1000,0.0079
pets,dinov2_vits14,knn,2,1,0.61163735,0.58240622,74,1478,b3164490d2aa0404,5,,l2,5,uniform,1.0,1000,0.006
pets,dinov2_vits14,linear_probe,2,1,0.82273342,0.81414708,74,1478,f524ffad2db4a70b,,4,l2,5,uniform,1.0,1000,0.008
pets,dinov2_vits14,knn,2,2,0.58051421,0.5582242,74,1478,01cb799c612cabe8,5,,l2,5,uniform,1.0,1000,0.006
pets,dinov2_vits14,linear_probe,2,2,0.78078484,0.77082997,74,1478,a787497f77d74ae1,,4,l2,5,uniform,1.0,1000,0.0084
pets,dinov2_vits14,knn,2,3,0.61569689,0.58856948,74,1478,e92300a8a7029a0f,5,,l2,5,uniform,1.0,1000,0.0059
pets,dinov2_vits14,linear_probe,2,3,0.83558863,0.83012336,74,1478,6fd97feee8258587,,4,l2,5,uniform,1.0,1000,0.0077
pets,dinov2_vits14,knn,2,4,0.58186739,0.5365989,74,1478,def90b3141deb3eb,5,,l2,5,uniform,1.0,1000,0.0059
pets,dinov2_vits14,linear_probe,2,4,0.8173207,0.80884035,74,1478,1676a3e6899a0554,,5,l2,5,uniform,1.0,1000,0.0085
pets,dinov2_vits14,knn,5,0,0.8308525,0.82576062,185,1478,2de6460d959f336c,5,,l2,5,uniform,1.0,1000,0.0083
pets,dinov2_vits14,linear_probe,5,0,0.8782138,0.87533888,185,1478,661e689a8c2b411d,,7,l2,5,uniform,1.0,1000,0.0139
pets,dinov2_vits14,knn,5,1,0.8308525,0.8188846,185,1478,ea89238b591bcc45,5,,l2,5,uniform,1.0,1000,0.008
pets,dinov2_vits14,linear_probe,5,1,0.8917456,0.88701576,185,1478,bef688dab78815a1,,7,l2,5,uniform,1.0,1000,0.0136
pets,dinov2_vits14,knn,5,2,0.84641407,0.84273361,185,1478,010ed2b7f15315d0,5,,l2,5,uniform,1.0,1000,0.008
pets,dinov2_vits14,linear_probe,5,2,0.88159675,0.87992791,185,1478,5dc7710c90e4bfe4,,7,l2,5,uniform,1.0,1000,0.0143
pets,dinov2_vits14,knn,5,3,0.84844384,0.84145095,185,1478,c4a033ea00ff07bf,5,,l2,5,uniform,1.0,1000,0.008
pets,dinov2_vits14,linear_probe,5,3,0.89106901,0.88833408,185,1478,4295124d8a96af5e,,7,l2,5,uniform,1.0,1000,0.0135
pets,dinov2_vits14,knn,5,4,0.83017591,0.82148886,185,1478,f065c92a08f4d7c7,5,,l2,5,uniform,1.0,1000,0.0084
pets,dinov2_vits14,linear_probe,5,4,0.87077131,0.86533329,185,1478,15a862af938d611f,,7,l2,5,uniform,1.0,1000,0.0143
pets,dinov2_vits14,knn,10,0,0.86874154,0.86708466,370,1478,d6bca271614fab22,5,,l2,5,uniform,1.0,1000,0.01
pets,dinov2_vits14,linear_probe,10,0,0.91474966,0.91357584,370,1478,c4e68c893fc02f1e,,11,l2,5,uniform,1.0,1000,0.0251
pets,dinov2_vits14,knn,10,1,0.88430311,0.88152189,370,1478,dad0f8c51714f5a1,5,,l2,5,uniform,1.0,1000,0.0101
pets,dinov2_vits14,linear_probe,10,1,0.9188092,0.91677816,370,1478,f517272f2776f619,,10,l2,5,uniform,1.0,1000,0.0217
pets,dinov2_vits14,knn,10,2,0.88362652,0.88141833,370,1478,6ec1f7b3e6e3b130,5,,l2,5,uniform,1.0,1000,0.0094
pets,dinov2_vits14,linear_probe,10,2,0.91271989,0.91090003,370,1478,911a46884165d601,,10,l2,5,uniform,1.0,1000,0.0217
pets,dinov2_vits14,knn,10,3,0.88903924,0.88598358,370,1478,b1fc6dae524ff66b,5,,l2,5,uniform,1.0,1000,0.0096
pets,dinov2_vits14,linear_probe,10,3,0.91542625,0.91374599,370,1478,5b37a57532e5cf70,,11,l2,5,uniform,1.0,1000,0.024
pets,dinov2_vits14,knn,10,4,0.87889039,0.87570793,370,1478,1bb4f481e0919c60,5,,l2,5,uniform,1.0,1000,0.0095
pets,dinov2_vits14,linear_probe,10,4,0.91407307,0.91278623,370,1478,f4ba1c95931e064a,,12,l2,5,uniform,1.0,1000,0.0266
pets,dinov2_vits14,knn,25,0,0.90663058,0.90586137,925,1478,6cf635983a235651,5,,l2,5,uniform,1.0,1000,0.0161
pets,dinov2_vits14,linear_probe,25,0,0.932341,0.93178969,925,1478,b27132496ceac5ce,,13,l2,5,uniform,1.0,1000,0.0331
pets,dinov2_vits14,knn,25,1,0.92286874,0.9217744,925,1478,fe11a2b0bbbdf5ac,5,,l2,5,uniform,1.0,1000,0.0156
pets,dinov2_vits14,linear_probe,25,1,0.94248985,0.94172622,925,1478,aef0b6e23045bb64,,17,l2,5,uniform,1.0,1000,0.0451
pets,dinov2_vits14,knn,25,2,0.92219215,0.92101496,925,1478,d97a14dea3671d72,5,,l2,5,uniform,1.0,1000,0.0159
pets,dinov2_vits14,linear_probe,25,2,0.94248985,0.94166127,925,1478,191aa05fe14ebc79,,17,l2,5,uniform,1.0,1000,0.0535
pets,dinov2_vits14,knn,25,3,0.92219215,0.9210424,925,1478,eb0070f56eabd9a5,5,,l2,5,uniform,1.0,1000,0.0161
pets,dinov2_vits14,linear_probe,25,3,0.93437077,0.9336625,925,1478,d01e9844063dcd9d,,17,l2,5,uniform,1.0,1000,0.0656
pets,dinov2_vits14,knn,25,4,0.92354533,0.92189076,925,1478,7416cdfa5f27a794,5,,l2,5,uniform,1.0,1000,0.0164
pets,dinov2_vits14,linear_probe,25,4,0.94316644,0.94230348,925,1478,b94094289fec2a14,,17,l2,5,uniform,1.0,1000,0.0582
pets,dinov2_vits14,knn,50,0,0.93437077,0.93410401,1850,1478,d6e6e33da4830470,5,,l2,5,uniform,1.0,1000,0.0262
pets,dinov2_vits14,linear_probe,50,0,0.95466847,0.95434836,1850,1478,08f89af409b163a8,,21,l2,5,uniform,1.0,1000,0.1028
pets,dinov2_vits14,knn,50,1,0.932341,0.93211606,1850,1478,73828888b17afc9a,5,,l2,5,uniform,1.0,1000,0.0271
pets,dinov2_vits14,linear_probe,50,1,0.95060893,0.95042164,1850,1478,08c516169d136f3f,,16,l2,5,uniform,1.0,1000,0.0904
pets,dinov2_vits14,knn,50,2,0.93166441,0.93073986,1850,1478,0c4e768ca869abef,5,,l2,5,uniform,1.0,1000,0.0269
pets,dinov2_vits14,linear_probe,50,2,0.95196211,0.95155296,1850,1478,8d3da8c5a6c75296,,21,l2,5,uniform,1.0,1000,0.0902
pets,dinov2_vits14,knn,50,3,0.93031123,0.93007644,1850,1478,05e3ff7e86e5aa7e,5,,l2,5,uniform,1.0,1000,0.028
pets,dinov2_vits14,linear_probe,50,3,0.94790257,0.947694,1850,1478,98f10af118897e26,,16,l2,5,uniform,1.0,1000,0.0726
pets,dinov2_vits14,knn,50,4,0.93166441,0.9312276,1850,1478,3f2ce8b98528dac7,5,,l2,5,uniform,1.0,1000,0.028
pets,dinov2_vits14,linear_probe,50,4,0.94857916,0.94823545,1850,1478,7731dc90ecfee937,,16,l2,5,uniform,1.0,1000,0.0946
pets,dinov2_vits14,knn,all,0,0.94722598,0.94675537,5912,1478,7be05b143e74973a,5,,l2,5,uniform,1.0,1000,0.0713
pets,dinov2_vits14,linear_probe,all,0,0.96211096,0.9619738,5912,1478,3d0531e9e4fdd80c,,31,l2,5,uniform,1.0,1000,0.1799
pets,dinov2_vits14,knn,all,1,0.94722598,0.94675537,5912,1478,da8a503e224b16dc,5,,l2,5,uniform,1.0,1000,0.0706
pets,dinov2_vits14,linear_probe,all,1,0.96211096,0.9619738,5912,1478,b41b1673bd2ff64a,,31,l2,5,uniform,1.0,1000,0.184
pets,dinov2_vits14,knn,all,2,0.94722598,0.94675537,5912,1478,ba699c099fb7ee58,5,,l2,5,uniform,1.0,1000,0.0718
pets,dinov2_vits14,linear_probe,all,2,0.96211096,0.9619738,5912,1478,00304f180b546696,,31,l2,5,uniform,1.0,1000,0.2161
pets,dinov2_vits14,knn,all,3,0.94722598,0.94675537,5912,1478,a1e8663ed8bcefcc,5,,l2,5,uniform,1.0,1000,0.0706
pets,dinov2_vits14,linear_probe,all,3,0.96211096,0.9619738,5912,1478,c76afafb413edda0,,31,l2,5,uniform,1.0,1000,0.1906
pets,dinov2_vits14,knn,all,4,0.94722598,0.94675537,5912,1478,a8fa3a0bf0c1d55b,5,,l2,5,uniform,1.0,1000,0.0707
pets,dinov2_vits14,linear_probe,all,4,0.96211096,0.9619738,5912,1478,d93a59e5e426c033,,31,l2,5,uniform,1.0,1000,0.1759
eurosat,dinov2_vits14,knn,1,0,0.31296296,0.17364013,10,2700,969502a7492b4d8e,5,,l2,5,uniform,1.0,1000,0.0074
eurosat,dinov2_vits14,linear_probe,1,0,0.62,0.57406778,10,2700,f053e496bd58adb5,,7,l2,5,uniform,1.0,1000,0.0066
eurosat,dinov2_vits14,knn,1,1,0.21481481,0.10702551,10,2700,dd39235fb5c01ee0,5,,l2,5,uniform,1.0,1000,0.0063
eurosat,dinov2_vits14,linear_probe,1,1,0.54185185,0.50783026,10,2700,0eb64fc5f3cea840,,7,l2,5,uniform,1.0,1000,0.0066
eurosat,dinov2_vits14,knn,1,2,0.24703704,0.12798615,10,2700,14fd7ca5e655f937,5,,l2,5,uniform,1.0,1000,0.0063
eurosat,dinov2_vits14,linear_probe,1,2,0.45444444,0.42125559,10,2700,641a47bd86f2d891,,7,l2,5,uniform,1.0,1000,0.0059
eurosat,dinov2_vits14,knn,1,3,0.23222222,0.12635773,10,2700,6d2759bc1b34fceb,5,,l2,5,uniform,1.0,1000,0.0064
eurosat,dinov2_vits14,linear_probe,1,3,0.54296296,0.51292782,10,2700,14897d26344ad255,,6,l2,5,uniform,1.0,1000,0.0056
eurosat,dinov2_vits14,knn,1,4,0.22592593,0.09777219,10,2700,f5886579513b761d,5,,l2,5,uniform,1.0,1000,0.0063
eurosat,dinov2_vits14,linear_probe,1,4,0.5737037,0.52158603,10,2700,a2689895330b5c18,,6,l2,5,uniform,1.0,1000,0.006
eurosat,dinov2_vits14,knn,2,0,0.49111111,0.45030474,20,2700,76ece0f08af87d5b,5,,l2,5,uniform,1.0,1000,0.0065
eurosat,dinov2_vits14,linear_probe,2,0,0.67518519,0.63665693,20,2700,a5790868fd2df9f3,,8,l2,5,uniform,1.0,1000,0.0066
eurosat,dinov2_vits14,knn,2,1,0.44518519,0.38547565,20,2700,ad74559d625c228c,5,,l2,5,uniform,1.0,1000,0.0065
eurosat,dinov2_vits14,linear_probe,2,1,0.60962963,0.58869539,20,2700,98418b538fc096a9,,7,l2,5,uniform,1.0,1000,0.006
eurosat,dinov2_vits14,knn,2,2,0.4562963,0.37418267,20,2700,dbda302458c52490,5,,l2,5,uniform,1.0,1000,0.0061
eurosat,dinov2_vits14,linear_probe,2,2,0.71444444,0.69498685,20,2700,c16c8c8455f24abd,,7,l2,5,uniform,1.0,1000,0.0064
eurosat,dinov2_vits14,knn,2,3,0.40148148,0.33848204,20,2700,d13d095cd0dc435d,5,,l2,5,uniform,1.0,1000,0.0064
eurosat,dinov2_vits14,linear_probe,2,3,0.62555556,0.59887784,20,2700,ff8a92494c5c1adb,,7,l2,5,uniform,1.0,1000,0.0067
eurosat,dinov2_vits14,knn,2,4,0.41740741,0.34298409,20,2700,61665e6ef48a52a5,5,,l2,5,uniform,1.0,1000,0.0063
eurosat,dinov2_vits14,linear_probe,2,4,0.59814815,0.5537827,20,2700,fcc83754eb904c7b,,8,l2,5,uniform,1.0,1000,0.0072
eurosat,dinov2_vits14,knn,5,0,0.63333333,0.61672668,50,2700,a95ad53d32c604c8,5,,l2,5,uniform,1.0,1000,0.0079
eurosat,dinov2_vits14,linear_probe,5,0,0.71592593,0.69167415,50,2700,0baa088b6e6ee160,,10,l2,5,uniform,1.0,1000,0.0073
eurosat,dinov2_vits14,knn,5,1,0.65333333,0.62876168,50,2700,b1be366f7e41151f,5,,l2,5,uniform,1.0,1000,0.0073
eurosat,dinov2_vits14,linear_probe,5,1,0.75925926,0.74331722,50,2700,6743cafd83bfa25a,,10,l2,5,uniform,1.0,1000,0.0078
eurosat,dinov2_vits14,knn,5,2,0.66851852,0.64828909,50,2700,e2a619c306e32023,5,,l2,5,uniform,1.0,1000,0.0071
eurosat,dinov2_vits14,linear_probe,5,2,0.76592593,0.74954892,50,2700,ce1ac38bc74e9fbf,,7,l2,5,uniform,1.0,1000,0.0065
eurosat,dinov2_vits14,knn,5,3,0.65555556,0.63460723,50,2700,4cbd669c1896c033,5,,l2,5,uniform,1.0,1000,0.0071
eurosat,dinov2_vits14,linear_probe,5,3,0.73851852,0.72455341,50,2700,50e233a741f55795,,14,l2,5,uniform,1.0,1000,0.0091
eurosat,dinov2_vits14,knn,5,4,0.62740741,0.60346791,50,2700,4e42ee36b84f5264,5,,l2,5,uniform,1.0,1000,0.0071
eurosat,dinov2_vits14,linear_probe,5,4,0.73814815,0.72277626,50,2700,bf6e9efab9fdcaf8,,10,l2,5,uniform,1.0,1000,0.0075
eurosat,dinov2_vits14,knn,10,0,0.73851852,0.72351535,100,2700,6a8bb1027fc2ba60,5,,l2,5,uniform,1.0,1000,0.0089
eurosat,dinov2_vits14,linear_probe,10,0,0.79888889,0.78264316,100,2700,fb0827fbc97d59ef,,14,l2,5,uniform,1.0,1000,0.0111
eurosat,dinov2_vits14,knn,10,1,0.71555556,0.70004477,100,2700,23bcf72b41bcb182,5,,l2,5,uniform,1.0,1000,0.0094
eurosat,dinov2_vits14,linear_probe,10,1,0.79777778,0.78035507,100,2700,d8f86eccdbb95170,,14,l2,5,uniform,1.0,1000,0.0098
eurosat,dinov2_vits14,knn,10,2,0.75333333,0.74419575,100,2700,5f5a1f81a92dc077,5,,l2,5,uniform,1.0,1000,0.0092
eurosat,dinov2_vits14,linear_probe,10,2,0.8262963,0.81690632,100,2700,3d215bab0555bbec,,14,l2,5,uniform,1.0,1000,0.0096
eurosat,dinov2_vits14,knn,10,3,0.67814815,0.65718853,100,2700,b1eb837c5ebcde87,5,,l2,5,uniform,1.0,1000,0.0095
eurosat,dinov2_vits14,linear_probe,10,3,0.78851852,0.77769525,100,2700,775403bfb805bee4,,14,l2,5,uniform,1.0,1000,0.0101
eurosat,dinov2_vits14,knn,10,4,0.72444444,0.71384266,100,2700,48baabf1f9bdc8dc,5,,l2,5,uniform,1.0,1000,0.0091
eurosat,dinov2_vits14,linear_probe,10,4,0.77888889,0.76559924,100,2700,57b7ed012fdbf093,,14,l2,5,uniform,1.0,1000,0.0103
eurosat,dinov2_vits14,knn,25,0,0.81222222,0.80153513,250,2700,1d7b9d407a873cec,5,,l2,5,uniform,1.0,1000,0.0137
eurosat,dinov2_vits14,linear_probe,25,0,0.87037037,0.86169838,250,2700,2a0caaa8a4d35d03,,19,l2,5,uniform,1.0,1000,0.0135
eurosat,dinov2_vits14,knn,25,1,0.80666667,0.79614428,250,2700,3f27bcecf1d838b8,5,,l2,5,uniform,1.0,1000,0.0135
eurosat,dinov2_vits14,linear_probe,25,1,0.85296296,0.84362237,250,2700,0cc6bf201f094b04,,19,l2,5,uniform,1.0,1000,0.0138
eurosat,dinov2_vits14,knn,25,2,0.8037037,0.79484456,250,2700,919fa14384c9a92b,5,,l2,5,uniform,1.0,1000,0.0137
eurosat,dinov2_vits14,linear_probe,25,2,0.86185185,0.85441668,250,2700,30e82b87a3dc5369,,21,l2,5,uniform,1.0,1000,0.0137
eurosat,dinov2_vits14,knn,25,3,0.79740741,0.78646381,250,2700,0ac37fd75d5cbdec,5,,l2,5,uniform,1.0,1000,0.0131
eurosat,dinov2_vits14,linear_probe,25,3,0.86592593,0.85799073,250,2700,7eda121ee293a7f4,,19,l2,5,uniform,1.0,1000,0.0125
eurosat,dinov2_vits14,knn,25,4,0.80185185,0.79192392,250,2700,20550db844e116fd,5,,l2,5,uniform,1.0,1000,0.014
eurosat,dinov2_vits14,linear_probe,25,4,0.85407407,0.84723814,250,2700,dcf2c577b14b8fa3,,19,l2,5,uniform,1.0,1000,0.0129
eurosat,dinov2_vits14,knn,50,0,0.84222222,0.83249586,500,2700,ddb50fd3a80974a6,5,,l2,5,uniform,1.0,1000,0.0181
eurosat,dinov2_vits14,linear_probe,50,0,0.88111111,0.87335628,500,2700,7b236ad0a4359681,,26,l2,5,uniform,1.0,1000,0.0216
eurosat,dinov2_vits14,knn,50,1,0.84555556,0.83724438,500,2700,789ff097bca4b3a4,5,,l2,5,uniform,1.0,1000,0.0177
eurosat,dinov2_vits14,linear_probe,50,1,0.88925926,0.88307676,500,2700,62fd00a1e95e7654,,26,l2,5,uniform,1.0,1000,0.0198
eurosat,dinov2_vits14,knn,50,2,0.84296296,0.83557622,500,2700,1a4bac531c6650e5,5,,l2,5,uniform,1.0,1000,0.0176
eurosat,dinov2_vits14,linear_probe,50,2,0.88703704,0.8823531,500,2700,cf2de08213d0ad6b,,25,l2,5,uniform,1.0,1000,0.0206
eurosat,dinov2_vits14,knn,50,3,0.82703704,0.81941238,500,2700,2fc623e312b15497,5,,l2,5,uniform,1.0,1000,0.0177
eurosat,dinov2_vits14,linear_probe,50,3,0.88814815,0.88184986,500,2700,c7c1fbe2c77f94d6,,25,l2,5,uniform,1.0,1000,0.0209
eurosat,dinov2_vits14,knn,50,4,0.84,0.83050119,500,2700,a16c2bae120f95b7,5,,l2,5,uniform,1.0,1000,0.0186
eurosat,dinov2_vits14,linear_probe,50,4,0.89037037,0.88527683,500,2700,87575d0371edb7dd,,25,l2,5,uniform,1.0,1000,0.0209
eurosat,dinov2_vits14,knn,all,0,0.92703704,0.92291095,21600,2700,7dad84b258ee0787,5,,l2,5,uniform,1.0,1000,0.4121
eurosat,dinov2_vits14,linear_probe,all,0,0.95185185,0.95020489,21600,2700,a11223de0b250487,,64,l2,5,uniform,1.0,1000,0.5272
eurosat,dinov2_vits14,knn,all,1,0.92703704,0.92291095,21600,2700,e7be456a8098abbc,5,,l2,5,uniform,1.0,1000,0.4001
eurosat,dinov2_vits14,linear_probe,all,1,0.95185185,0.95020489,21600,2700,5ebfeaef4e9f3141,,64,l2,5,uniform,1.0,1000,0.5035
eurosat,dinov2_vits14,knn,all,2,0.92703704,0.92291095,21600,2700,2bc66ff41ce465bc,5,,l2,5,uniform,1.0,1000,0.4092
eurosat,dinov2_vits14,linear_probe,all,2,0.95185185,0.95020489,21600,2700,edfd01c5fef8cb0b,,64,l2,5,uniform,1.0,1000,0.5153
eurosat,dinov2_vits14,knn,all,3,0.92703704,0.92291095,21600,2700,79f112db0eed8f84,5,,l2,5,uniform,1.0,1000,0.4166
eurosat,dinov2_vits14,linear_probe,all,3,0.95185185,0.95020489,21600,2700,73f9133b819b4a3b,,64,l2,5,uniform,1.0,1000,0.5959
eurosat,dinov2_vits14,knn,all,4,0.92703704,0.92291095,21600,2700,702dc577e7314a57,5,,l2,5,uniform,1.0,1000,0.4109
eurosat,dinov2_vits14,linear_probe,all,4,0.95185185,0.95020489,21600,2700,ef28ea00ec3454f3,,64,l2,5,uniform,1.0,1000,0.7268
