method,backbone,dataset,label_budget,mean,std,count,mean_pct,std_pct,label
knn,dinov2,eurosat,1,0.5342224,0.06335648469020352,5,53.42,6.34,53.42 ± 6.34 (n=5)
knn,dinov2,eurosat,10,0.7151852,0.041314791076562406,5,71.52,4.13,71.52 ± 4.13 (n=5)
knn,dinov2,eurosat,2,0.623111,0.0425057261554252,5,62.31,4.25,62.31 ± 4.25 (n=5)
knn,dinov2,eurosat,25,0.8022962,0.010388437837326651,5,80.23,1.04,80.23 ± 1.04 (n=5)
knn,dinov2,eurosat,5,0.654148,0.030213553473565465,5,65.41,3.02,65.41 ± 3.02 (n=5)
knn,dinov2,eurosat,50,0.8359998000000001,0.010097008007325723,5,83.6,1.01,83.60 ± 1.01 (n=5)
knn,dinov2,eurosat,all,0.9233329999999998,0.0,5,92.33,0.0,92.33 ± 0.00 (n=5)
knn,dinov2,pets,1,0.726387,0.037121998006572836,5,72.64,3.71,72.64 ± 3.71 (n=5)
knn,dinov2,pets,10,0.8794316,0.005049801907005853,5,87.94,0.5,87.94 ± 0.50 (n=5)
knn,dinov2,pets,2,0.8070366,0.02955955426423069,5,80.7,2.96,80.70 ± 2.96 (n=5)
knn,dinov2,pets,25,0.9129908,0.006500075168796122,5,91.3,0.65,91.30 ± 0.65 (n=5)
knn,dinov2,pets,5,0.8610284,0.014563408539898865,5,86.1,1.46,86.10 ± 1.46 (n=5)
knn,dinov2,pets,50,0.926793,0.0028462944331182492,5,92.68,0.28,92.68 ± 0.28 (n=5)
knn,dinov2,pets,all,0.948579,0.0,5,94.86,0.0,94.86 ± 0.00 (n=5)
knn,resnet50,eurosat,1,0.5554816,0.05762060449006071,5,55.55,5.76,55.55 ± 5.76 (n=5)
knn,resnet50,eurosat,10,0.7401481999999999,0.022814168792660433,5,74.01,2.28,74.01 ± 2.28 (n=5)
knn,resnet50,eurosat,2,0.6725926,0.03274921689598088,5,67.26,3.27,67.26 ± 3.27 (n=5)
knn,resnet50,eurosat,25,0.8045926,0.007040151653196147,5,80.46,0.7,80.46 ± 0.70 (n=5)
knn,resnet50,eurosat,5,0.7108146,0.026167603822283805,5,71.08,2.62,71.08 ± 2.62 (n=5)
knn,resnet50,eurosat,50,0.832963,0.006057790397496417,5,83.3,0.61,83.30 ± 0.61 (n=5)
knn,resnet50,eurosat,all,0.928519,0.0,5,92.85,0.0,92.85 ± 0.00 (n=5)
knn,resnet50,pets,1,0.7572394,0.04964876771179721,5,75.72,4.96,75.72 ± 4.96 (n=5)
knn,resnet50,pets,10,0.880785,0.005525861697509282,5,88.08,0.55,88.08 ± 0.55 (n=5)
knn,resnet50,pets,2,0.8251692,0.03690530262983903,5,82.52,3.69,82.52 ± 3.69 (n=5)
knn,resnet50,pets,25,0.9,0.006806656851935472,5,90.0,0.68,90.00 ± 0.68 (n=5)
knn,resnet50,pets,5,0.8571042,0.004472409607806556,5,85.71,0.45,85.71 ± 0.45 (n=5)
knn,resnet50,pets,50,0.9129906,0.005672895935939615,5,91.3,0.57,91.30 ± 0.57 (n=5)
knn,resnet50,pets,all,0.930311,0.0,5,93.03,0.0,93.03 ± 0.00 (n=5)
linear_probe,dinov2,eurosat,1,0.5466666,0.06051298957083508,5,54.67,6.05,54.67 ± 6.05 (n=5)
linear_probe,dinov2,eurosat,10,0.7980742000000001,0.017724244517045025,5,79.81,1.77,79.81 ± 1.77 (n=5)
linear_probe,dinov2,eurosat,2,0.6445926,0.04887992795412037,5,64.46,4.89,64.46 ± 4.89 (n=5)
linear_probe,dinov2,eurosat,25,0.8610369999999999,0.007505735806701423,5,86.1,0.75,86.10 ± 0.75 (n=5)
linear_probe,dinov2,eurosat,5,0.7435556,0.01978026694208146,5,74.36,1.98,74.36 ± 1.98 (n=5)
linear_probe,dinov2,eurosat,50,0.887185,0.0036155376501980996,5,88.72,0.36,88.72 ± 0.36 (n=5)
linear_probe,dinov2,eurosat,all,0.951852,0.0,5,95.19,0.0,95.19 ± 0.00 (n=5)
linear_probe,dinov2,pets,1,0.7261162000000001,0.04010019803816437,5,72.61,4.01,72.61 ± 4.01 (n=5)
linear_probe,dinov2,pets,10,0.9151556,0.002274265222000291,5,91.52,0.23,91.52 ± 0.23 (n=5)
linear_probe,dinov2,pets,2,0.8100135999999999,0.02231416675119198,5,81.0,2.23,81.00 ± 2.23 (n=5)
linear_probe,dinov2,pets,25,0.9391069999999999,0.004971681707430637,5,93.91,0.5,93.91 ± 0.50 (n=5)
linear_probe,dinov2,pets,5,0.8826794,0.008881300597322457,5,88.27,0.89,88.27 ± 0.89 (n=5)
linear_probe,dinov2,pets,50,0.9507441999999999,0.00272295936436808,5,95.07,0.27,95.07 ± 0.27 (n=5)
linear_probe,dinov2,pets,all,0.9621109999999999,0.0,5,96.21,0.0,96.21 ± 0.00 (n=5)
linear_probe,resnet50,eurosat,1,0.5725188,0.05862124502004367,5,57.25,5.86,57.25 ± 5.86 (n=5)
linear_probe,resnet50,eurosat,10,0.8091851999999999,0.017019699797587474,5,80.92,1.7,80.92 ± 1.70 (n=5)
linear_probe,resnet50,eurosat,2,0.6868888,0.028351670562772865,5,68.69,2.84,68.69 ± 2.84 (n=5)
linear_probe,resnet50,eurosat,25,0.8609628,0.006781896246626009,5,86.1,0.68,86.10 ± 0.68 (n=5)
linear_probe,resnet50,eurosat,5,0.7774816,0.018444959238230956,5,77.75,1.84,77.75 ± 1.84 (n=5)
linear_probe,resnet50,eurosat,50,0.8819258,0.004760209890330455,5,88.19,0.48,88.19 ± 0.48 (n=5)
linear_probe,resnet50,eurosat,all,0.95037,0.0,5,95.04,0.0,95.04 ± 0.00 (n=5)
linear_probe,resnet50,pets,1,0.762517,0.05227934806403003,5,76.25,5.23,76.25 ± 5.23 (n=5)
linear_probe,resnet50,pets,10,0.8979704,0.007910932170104848,5,89.8,0.79,89.80 ± 0.79 (n=5)
linear_probe,resnet50,pets,2,0.8262518,0.029411894561554547,5,82.63,2.94,82.63 ± 2.94 (n=5)
linear_probe,resnet50,pets,25,0.9146143999999999,0.0024113521725372417,5,91.46,0.24,91.46 ± 0.24 (n=5)
linear_probe,resnet50,pets,5,0.8768608,0.005975620361100617,5,87.69,0.6,87.69 ± 0.60 (n=5)
linear_probe,resnet50,pets,50,0.9231393999999999,0.0034034502053063853,5,92.31,0.34,92.31 ± 0.34 (n=5)
linear_probe,resnet50,pets,all,0.934371,0.0,5,93.44,0.0,93.44 ± 0.00 (n=5)
