method,backbone,dataset,1,2,5,10,25,50,all
finetune,dinov2_vits14,pets,,,81.87 ± 1.30 (n=3),88.43 ± 0.65 (n=3),91.29 ± 0.16 (n=3),,95.17 ± 0.37 (n=3)
finetune,resnet50,pets,,,79.43 ± 2.78 (n=3),81.64 ± 0.71 (n=3),86.83 ± 1.02 (n=3),,92.31 ± 0.58 (n=3)
knn,dinov2_vits14,eurosat,11.74 ± 0.00 (n=5),11.74 ± 0.00 (n=5),44.74 ± 3.71 (n=5),62.28 ± 4.82 (n=5),77.55 ± 1.15 (n=5),82.35 ± 1.12 (n=5),92.22 ± 0.00 (n=5)
knn,dinov2_vits14,pets,3.19 ± 0.61 (n=5),9.66 ± 1.71 (n=5),58.13 ± 2.90 (n=5),82.68 ± 0.56 (n=5),90.14 ± 0.64 (n=5),91.99 ± 0.32 (n=5),94.38 ± 0.00 (n=5)
knn,resnet50,eurosat,11.74 ± 0.00 (n=5),11.74 ± 0.00 (n=5),53.13 ± 2.69 (n=5),72.11 ± 2.97 (n=5),81.28 ± 0.62 (n=5),83.65 ± 0.79 (n=5),91.26 ± 0.00 (n=5)
knn,resnet50,pets,3.00 ± 0.26 (n=5),9.84 ± 1.89 (n=5),60.68 ± 1.00 (n=5),85.89 ± 0.72 (n=5),90.65 ± 0.31 (n=5),91.46 ± 0.53 (n=5),93.64 ± 0.00 (n=5)
linear_probe,dinov2_vits14,eurosat,54.64 ± 6.05 (n=5),64.46 ± 4.89 (n=5),74.36 ± 1.98 (n=5),79.81 ± 1.77 (n=5),86.10 ± 0.75 (n=5),88.72 ± 0.36 (n=5),95.19 ± 0.00 (n=5)
linear_probe,dinov2_vits14,pets,72.61 ± 4.01 (n=5),81.00 ± 2.23 (n=5),88.27 ± 0.89 (n=5),91.52 ± 0.23 (n=5),93.90 ± 0.52 (n=5),95.07 ± 0.27 (n=5),96.21 ± 0.00 (n=5)
linear_probe,resnet50,eurosat,57.76 ± 6.23 (n=5),70.16 ± 2.15 (n=5),77.13 ± 0.62 (n=5),80.69 ± 0.65 (n=5),84.53 ± 0.94 (n=5),86.94 ± 0.77 (n=5),93.26 ± 0.00 (n=5)
linear_probe,resnet50,pets,71.16 ± 3.12 (n=5),78.73 ± 2.59 (n=5),85.56 ± 0.61 (n=5),89.17 ± 1.03 (n=5),92.38 ± 0.26 (n=5),93.36 ± 0.19 (n=5),94.25 ± 0.00 (n=5)
