dataset,backbone,method,k_shot,acc_mean,acc_std,n_seeds
eurosat,dinov2_vits14,knn,1,0.11740741000000002,0.0,5
eurosat,dinov2_vits14,knn,2,0.11740741000000002,0.0,5
eurosat,dinov2_vits14,knn,5,0.44740740599999995,0.03708977859465164,5
eurosat,dinov2_vits14,knn,10,0.622814814,0.04815997102891756,5
eurosat,dinov2_vits14,knn,25,0.775481482,0.011548192690504446,5
eurosat,dinov2_vits14,knn,50,0.8234814800000001,0.011214332338318237,5
eurosat,dinov2_vits14,knn,all,0.9222222199999999,0.0,5
eurosat,resnet50,knn,1,0.11740741000000002,0.0,5
eurosat,resnet50,knn,2,0.11740741000000002,0.0,5
eurosat,resnet50,knn,5,0.5313333339999999,0.02694123109081373,5
eurosat,resnet50,knn,10,0.7211111139999999,0.029652767817386464,5
eurosat,resnet50,knn,25,0.812814814,0.006239396127264954,5
eurosat,resnet50,knn,50,0.83651852,0.007854995872112237,5
eurosat,resnet50,knn,all,0.91259259,0.0,5
eurosat,dinov2_vits14,linear_probe,1,0.5464444420000001,0.060548817352032304,5
eurosat,dinov2_vits14,linear_probe,2,0.644592594,0.0488801882496337,5
eurosat,dinov2_vits14,linear_probe,5,0.743555558,0.019780343503295644,5
eurosat,dinov2_vits14,linear_probe,10,0.798074076,0.017724458052392734,5
eurosat,dinov2_vits14,linear_probe,25,0.8610370359999999,0.007505829879572228,5
eurosat,dinov2_vits14,linear_probe,50,0.887185186,0.0036156198025967977,5
eurosat,dinov2_vits14,linear_probe,all,0.95185185,0.0,5
eurosat,resnet50,linear_probe,1,0.57762963,0.06229251021216157,5
eurosat,resnet50,linear_probe,2,0.701555558,0.021488504896539903,5
eurosat,resnet50,linear_probe,5,0.77125926,0.0061508227950616496,5
eurosat,resnet50,linear_probe,10,0.8068888879999999,0.0065241961921274376,5
eurosat,resnet50,linear_probe,25,0.84525926,0.009447710579034459,5
eurosat,resnet50,linear_probe,50,0.869407406,0.00773622111808664,5
eurosat,resnet50,linear_probe,all,0.9325925900000002,0.0,5
pets,dinov2_vits14,finetune,5,0.8186666666666667,0.012951576480619406,3
pets,dinov2_vits14,finetune,10,0.8843,0.0064784257346981915,3
pets,dinov2_vits14,finetune,25,0.9129,0.00155884572681193,3
pets,dinov2_vits14,finetune,all,0.9517333333333333,0.003707200201409886,3
pets,resnet50,finetune,5,0.7943000000000001,0.027848339268257995,3
pets,resnet50,finetune,10,0.8164000000000001,0.0071021123618258755,3
pets,resnet50,finetune,25,0.8683,0.010153324578678692,3
pets,resnet50,finetune,all,0.9231333333333334,0.0057535496289971896,3
pets,dinov2_vits14,knn,1,0.031935048,0.006096823031851916,5
pets,dinov2_vits14,knn,2,0.09661705200000001,0.017112511381313096,5
pets,dinov2_vits14,knn,5,0.581326118,0.028996440426563918,5
pets,dinov2_vits14,knn,10,0.82679296,0.0056405048491203575,5
pets,dinov2_vits14,knn,25,0.9013531779999999,0.006443609574506364,5
pets,dinov2_vits14,knn,50,0.9198917440000001,0.0032306729702463186,5
pets,dinov2_vits14,knn,all,0.94384303,0.0,5
pets,resnet50,knn,1,0.030040596000000003,0.0025585481433480985,5
pets,resnet50,knn,2,0.098376186,0.018905818182254897,5
pets,resnet50,knn,5,0.606765902,0.010028606781281745,5
pets,resnet50,knn,10,0.858863326,0.007169938866938108,5
pets,resnet50,knn,25,0.906495262,0.003115254306749331,5
pets,resnet50,knn,50,0.9146143419999999,0.005292992586403305,5
pets,resnet50,knn,all,0.93640054,0.0,5
pets,dinov2_vits14,linear_probe,1,0.726116376,0.040100157264961946,5
pets,dinov2_vits14,linear_probe,2,0.810013528,0.022314139247669184,5
pets,dinov2_vits14,linear_probe,5,0.8826792940000001,0.008881129716518632,5
pets,dinov2_vits14,linear_probe,10,0.915155614,0.002274389262534003,5
pets,dinov2_vits14,linear_probe,25,0.938971582,0.0051837568856448165,5
pets,dinov2_vits14,linear_probe,50,0.950744248,0.0027232222192138684,5
pets,dinov2_vits14,linear_probe,all,0.9621109600000001,0.0,5
pets,resnet50,linear_probe,1,0.711637352,0.03120539877287775,5
pets,resnet50,linear_probe,2,0.7872801039999999,0.025868399144063393,5
pets,resnet50,linear_probe,5,0.8556156939999999,0.006137980328465575,5
pets,resnet50,linear_probe,10,0.8917455999999999,0.010327698124330507,5
pets,resnet50,linear_probe,25,0.923815966,0.0026464962932016764,5
pets,resnet50,linear_probe,50,0.9335588619999999,0.0019374589106404278,5
pets,resnet50,linear_probe,all,0.94248985,0.0,5
